Date,ship-state,Daily_Demand
2022-03-31,ANDHRA PRADESH,5
2022-03-31,BIHAR,6
2022-03-31,CHANDIGARH,1
2022-03-31,CHHATTISGARH,1
2022-03-31,DELHI,9
2022-03-31,GOA,1
2022-03-31,Gujarat,8
2022-03-31,HARYANA,4
2022-03-31,JHARKHAND,2
2022-03-31,KARNATAKA,18
2022-03-31,KERALA,5
2022-03-31,MADHYA PRADESH,1
2022-03-31,MAHARASHTRA,21
2022-03-31,ODISHA,4
2022-03-31,RAJASTHAN,3
2022-03-31,TAMIL NADU,12
2022-03-31,TELANGANA,5
2022-03-31,TRIPURA,1
2022-03-31,UTTAR PRADESH,17
2022-03-31,UTTARAKHAND,1
2022-03-31,WEST BENGAL,12
2022-04-01,ANDAMAN & NICOBAR,1
2022-04-01,ANDHRA PRADESH,43
2022-04-01,ARUNACHAL PRADESH,3
2022-04-01,ASSAM,20
2022-04-01,BIHAR,20
2022-04-01,CHANDIGARH,5
2022-04-01,CHHATTISGARH,5
2022-04-01,DADRA AND NAGAR,1
2022-04-01,DELHI,57
2022-04-01,Delhi,1
2022-04-01,GOA,6
2022-04-01,Gujarat,36
2022-04-01,HARYANA,35
2022-04-01,HIMACHAL PRADESH,12
2022-04-01,JAMMU & KASHMIR,2
2022-04-01,JHARKHAND,10
2022-04-01,KARNATAKA,150
2022-04-01,KERALA,60
2022-04-01,MADHYA PRADESH,27
2022-04-01,MAHARASHTRA,168
2022-04-01,MANIPUR,3
2022-04-01,MEGHALAYA,4
2022-04-01,NAGALAND,1
2022-04-01,ODISHA,22
2022-04-01,PUDUCHERRY,2
2022-04-01,PUNJAB,12
2022-04-01,RAJASTHAN,25
2022-04-01,Rajasthan,1
2022-04-01,SIKKIM,6
2022-04-01,TAMIL NADU,96
2022-04-01,TELANGANA,85
2022-04-01,TRIPURA,3
2022-04-01,UTTAR PRADESH,66
2022-04-01,UTTARAKHAND,13
2022-04-01,WEST BENGAL,68
2022-04-02,ANDAMAN & NICOBAR,3
2022-04-02,ANDHRA PRADESH,37
2022-04-02,ARUNACHAL PRADESH,1
2022-04-02,ASSAM,21
2022-04-02,BIHAR,19
2022-04-02,CHANDIGARH,1
2022-04-02,CHHATTISGARH,7
2022-04-02,DELHI,66
2022-04-02,GOA,13
2022-04-02,Gujarat,43
2022-04-02,HARYANA,31
2022-04-02,HIMACHAL PRADESH,13
2022-04-02,JAMMU & KASHMIR,5
2022-04-02,JHARKHAND,15
2022-04-02,KARNATAKA,159
2022-04-02,KERALA,70
2022-04-02,MADHYA PRADESH,16
2022-04-02,MAHARASHTRA,172
2022-04-02,MANIPUR,5
2022-04-02,MEGHALAYA,5
2022-04-02,MIZORAM,1
2022-04-02,NAGALAND,1
2022-04-02,New Delhi,1
2022-04-02,ODISHA,23
2022-04-02,Odisha,1
2022-04-02,PUDUCHERRY,3
2022-04-02,PUNJAB,23
2022-04-02,RAJASTHAN,24
2022-04-02,SIKKIM,1
2022-04-02,TAMIL NADU,114
2022-04-02,TELANGANA,70
2022-04-02,TRIPURA,1
2022-04-02,UTTAR PRADESH,101
2022-04-02,UTTARAKHAND,14
2022-04-02,WEST BENGAL,66
2022-04-02,delhi,2
2022-04-02,punjab,1
2022-04-03,ANDAMAN & NICOBAR,5
2022-04-03,ANDHRA PRADESH,45
2022-04-03,ARUNACHAL PRADESH,2
2022-04-03,ASSAM,17
2022-04-03,Arunachal Pradesh,2
2022-04-03,BIHAR,21
2022-04-03,CHANDIGARH,1
2022-04-03,CHHATTISGARH,12
2022-04-03,DADRA AND NAGAR,1
2022-04-03,DELHI,91
2022-04-03,GOA,17
2022-04-03,Gujarat,32
2022-04-03,HARYANA,35
2022-04-03,HIMACHAL PRADESH,5
2022-04-03,JAMMU & KASHMIR,6
2022-04-03,JHARKHAND,17
2022-04-03,KARNATAKA,192
2022-04-03,KERALA,54
2022-04-03,LADAKH,1
2022-04-03,MADHYA PRADESH,35
2022-04-03,MAHARASHTRA,206
2022-04-03,MANIPUR,3
2022-04-03,MEGHALAYA,2
2022-04-03,MIZORAM,2
2022-04-03,NAGALAND,2
2022-04-03,New Delhi,2
2022-04-03,ODISHA,16
2022-04-03,Odisha,1
2022-04-03,PUDUCHERRY,1
2022-04-03,PUNJAB,18
2022-04-03,RAJASTHAN,19
2022-04-03,Rajasthan,2
2022-04-03,SIKKIM,4
2022-04-03,TAMIL NADU,120
2022-04-03,TELANGANA,83
2022-04-03,TRIPURA,1
2022-04-03,UTTAR PRADESH,118
2022-04-03,UTTARAKHAND,13
2022-04-03,WEST BENGAL,65
2022-04-03,delhi,1
2022-04-04,ANDAMAN & NICOBAR,1
2022-04-04,ANDHRA PRADESH,49
2022-04-04,ARUNACHAL PRADESH,1
2022-04-04,ASSAM,21
2022-04-04,BIHAR,23
2022-04-04,Bihar,2
2022-04-04,CHHATTISGARH,11
2022-04-04,DADRA AND NAGAR,1
2022-04-04,DELHI,64
2022-04-04,Delhi,1
2022-04-04,GOA,15
2022-04-04,Gujarat,47
2022-04-04,HARYANA,40
2022-04-04,HIMACHAL PRADESH,6
2022-04-04,JAMMU & KASHMIR,1
2022-04-04,JHARKHAND,9
2022-04-04,KARNATAKA,163
2022-04-04,KERALA,60
2022-04-04,MADHYA PRADESH,26
2022-04-04,MAHARASHTRA,193
2022-04-04,MANIPUR,2
2022-04-04,MEGHALAYA,1
2022-04-04,NAGALAND,1
2022-04-04,ODISHA,17
2022-04-04,PUDUCHERRY,1
2022-04-04,PUNJAB,13
2022-04-04,RAJASTHAN,17
2022-04-04,Rajasthan,2
2022-04-04,SIKKIM,2
2022-04-04,TAMIL NADU,93
2022-04-04,TELANGANA,86
2022-04-04,TRIPURA,4
2022-04-04,UTTAR PRADESH,94
2022-04-04,UTTARAKHAND,12
2022-04-04,WEST BENGAL,63
2022-04-05,ANDAMAN & NICOBAR,1
2022-04-05,ANDHRA PRADESH,40
2022-04-05,ARUNACHAL PRADESH,2
2022-04-05,ASSAM,30
2022-04-05,BIHAR,16
2022-04-05,CHANDIGARH,3
2022-04-05,CHHATTISGARH,9
2022-04-05,DADRA AND NAGAR,1
2022-04-05,DELHI,74
2022-04-05,Delhi,1
2022-04-05,GOA,9
2022-04-05,Gujarat,46
2022-04-05,HARYANA,47
2022-04-05,HIMACHAL PRADESH,9
2022-04-05,JAMMU & KASHMIR,7
2022-04-05,JHARKHAND,13
2022-04-05,KARNATAKA,177
2022-04-05,KERALA,58
2022-04-05,LADAKH,2
2022-04-05,MADHYA PRADESH,19
2022-04-05,MAHARASHTRA,221
2022-04-05,MANIPUR,8
2022-04-05,MEGHALAYA,2
2022-04-05,New Delhi,2
2022-04-05,ODISHA,17
2022-04-05,PUDUCHERRY,1
2022-04-05,PUNJAB,22
2022-04-05,Punjab,1
2022-04-05,RAJASTHAN,19
2022-04-05,SIKKIM,4
2022-04-05,TAMIL NADU,80
2022-04-05,TELANGANA,95
2022-04-05,TRIPURA,1
2022-04-05,UTTAR PRADESH,93
2022-04-05,UTTARAKHAND,18
2022-04-05,WEST BENGAL,78
2022-04-06,ANDAMAN & NICOBAR,1
2022-04-06,ANDHRA PRADESH,58
2022-04-06,ASSAM,29
2022-04-06,BIHAR,26
2022-04-06,Bihar,1
2022-04-06,CHANDIGARH,2
2022-04-06,CHHATTISGARH,7
2022-04-06,DADRA AND NAGAR,1
2022-04-06,DELHI,68
2022-04-06,Delhi,1
2022-04-06,GOA,10
2022-04-06,Gujarat,38
2022-04-06,HARYANA,27
2022-04-06,HIMACHAL PRADESH,9
2022-04-06,JAMMU & KASHMIR,7
2022-04-06,JHARKHAND,6
2022-04-06,KARNATAKA,171
2022-04-06,KERALA,58
2022-04-06,MADHYA PRADESH,21
2022-04-06,MAHARASHTRA,207
2022-04-06,MANIPUR,4
2022-04-06,NAGALAND,2
2022-04-06,New Delhi,2
2022-04-06,ODISHA,15
2022-04-06,PB,1
2022-04-06,PUDUCHERRY,2
2022-04-06,PUNJAB,22
2022-04-06,RAJASTHAN,20
2022-04-06,SIKKIM,4
2022-04-06,TAMIL NADU,89
2022-04-06,TELANGANA,86
2022-04-06,TRIPURA,4
2022-04-06,UTTAR PRADESH,100
2022-04-06,UTTARAKHAND,17
2022-04-06,WEST BENGAL,70
2022-04-07,ANDAMAN & NICOBAR,2
2022-04-07,ANDHRA PRADESH,43
2022-04-07,ARUNACHAL PRADESH,1
2022-04-07,ASSAM,20
2022-04-07,BIHAR,24
2022-04-07,Bihar,1
2022-04-07,CHANDIGARH,4
2022-04-07,CHHATTISGARH,9
2022-04-07,DELHI,67
2022-04-07,Delhi,2
2022-04-07,GOA,17
2022-04-07,Goa,1
2022-04-07,Gujarat,32
2022-04-07,HARYANA,33
2022-04-07,HIMACHAL PRADESH,1
2022-04-07,JAMMU & KASHMIR,3
2022-04-07,JHARKHAND,8
2022-04-07,KARNATAKA,170
2022-04-07,KERALA,54
2022-04-07,MADHYA PRADESH,14
2022-04-07,MAHARASHTRA,228
2022-04-07,MEGHALAYA,2
2022-04-07,NAGALAND,1
2022-04-07,ODISHA,15
2022-04-07,PUDUCHERRY,3
2022-04-07,PUNJAB,15
2022-04-07,Punjab,2
2022-04-07,RAJASTHAN,15
2022-04-07,TAMIL NADU,94
2022-04-07,TELANGANA,92
2022-04-07,TRIPURA,3
2022-04-07,UTTAR PRADESH,88
2022-04-07,UTTARAKHAND,16
2022-04-07,WEST BENGAL,71
2022-04-07,goa,1
2022-04-08,ANDAMAN & NICOBAR,4
2022-04-08,ANDHRA PRADESH,50
2022-04-08,ASSAM,28
2022-04-08,BIHAR,23
2022-04-08,CHANDIGARH,4
2022-04-08,CHHATTISGARH,7
2022-04-08,Chandigarh,1
2022-04-08,DADRA AND NAGAR,1
2022-04-08,DELHI,74
2022-04-08,Delhi,1
2022-04-08,GOA,16
2022-04-08,Goa,1
2022-04-08,Gujarat,44
2022-04-08,HARYANA,40
2022-04-08,HIMACHAL PRADESH,5
2022-04-08,JAMMU & KASHMIR,7
2022-04-08,JHARKHAND,14
2022-04-08,KARNATAKA,143
2022-04-08,KERALA,74
2022-04-08,LADAKH,1
2022-04-08,MADHYA PRADESH,23
2022-04-08,MAHARASHTRA,235
2022-04-08,MANIPUR,6
2022-04-08,MEGHALAYA,3
2022-04-08,MIZORAM,2
2022-04-08,NAGALAND,2
2022-04-08,ODISHA,18
2022-04-08,PUDUCHERRY,4
2022-04-08,PUNJAB,16
2022-04-08,RAJASTHAN,23
2022-04-08,TAMIL NADU,92
2022-04-08,TELANGANA,99
2022-04-08,TRIPURA,3
2022-04-08,UTTAR PRADESH,106
2022-04-08,UTTARAKHAND,14
2022-04-08,WEST BENGAL,74
2022-04-08,delhi,1
2022-04-09,ANDAMAN & NICOBAR,2
2022-04-09,ANDHRA PRADESH,42
2022-04-09,ARUNACHAL PRADESH,1
2022-04-09,ASSAM,18
2022-04-09,BIHAR,8
2022-04-09,CHHATTISGARH,10
2022-04-09,DELHI,55
2022-04-09,GOA,13
2022-04-09,Gujarat,37
2022-04-09,HARYANA,51
2022-04-09,HIMACHAL PRADESH,8
2022-04-09,JAMMU & KASHMIR,5
2022-04-09,JHARKHAND,15
2022-04-09,KARNATAKA,186
2022-04-09,KERALA,51
2022-04-09,LADAKH,2
2022-04-09,MADHYA PRADESH,26
2022-04-09,MAHARASHTRA,231
2022-04-09,MANIPUR,1
2022-04-09,MEGHALAYA,3
2022-04-09,NAGALAND,1
2022-04-09,ODISHA,17
2022-04-09,PUNJAB,13
2022-04-09,RAJASTHAN,23
2022-04-09,SIKKIM,2
2022-04-09,TAMIL NADU,104
2022-04-09,TELANGANA,94
2022-04-09,TRIPURA,1
2022-04-09,UTTAR PRADESH,100
2022-04-09,UTTARAKHAND,12
2022-04-09,WEST BENGAL,71
2022-04-10,ANDAMAN & NICOBAR,2
2022-04-10,ANDHRA PRADESH,46
2022-04-10,ARUNACHAL PRADESH,2
2022-04-10,ASSAM,17
2022-04-10,BIHAR,19
2022-04-10,Bihar,1
2022-04-10,CHANDIGARH,2
2022-04-10,CHHATTISGARH,3
2022-04-10,DELHI,80
2022-04-10,Delhi,1
2022-04-10,GOA,16
2022-04-10,Gujarat,58
2022-04-10,HARYANA,52
2022-04-10,HIMACHAL PRADESH,4
2022-04-10,JAMMU & KASHMIR,3
2022-04-10,JHARKHAND,9
2022-04-10,KARNATAKA,176
2022-04-10,KERALA,66
2022-04-10,MADHYA PRADESH,20
2022-04-10,MAHARASHTRA,234
2022-04-10,MANIPUR,5
2022-04-10,MEGHALAYA,1
2022-04-10,NAGALAND,3
2022-04-10,ODISHA,18
2022-04-10,Odisha,1
2022-04-10,PUDUCHERRY,3
2022-04-10,PUNJAB,14
2022-04-10,Punjab,1
2022-04-10,RAJASTHAN,30
2022-04-10,SIKKIM,1
2022-04-10,TAMIL NADU,103
2022-04-10,TELANGANA,115
2022-04-10,UTTAR PRADESH,132
2022-04-10,UTTARAKHAND,18
2022-04-10,WEST BENGAL,88
2022-04-11,ANDHRA PRADESH,31
2022-04-11,ASSAM,11
2022-04-11,BIHAR,14
2022-04-11,Bihar,1
2022-04-11,CHANDIGARH,3
2022-04-11,CHHATTISGARH,13
2022-04-11,DADRA AND NAGAR,1
2022-04-11,DELHI,62
2022-04-11,Delhi,4
2022-04-11,GOA,6
2022-04-11,Goa,1
2022-04-11,Gujarat,31
2022-04-11,HARYANA,31
2022-04-11,HIMACHAL PRADESH,9
2022-04-11,JAMMU & KASHMIR,5
2022-04-11,JHARKHAND,12
2022-04-11,KARNATAKA,160
2022-04-11,KERALA,56
2022-04-11,MADHYA PRADESH,24
2022-04-11,MAHARASHTRA,210
2022-04-11,MANIPUR,3
2022-04-11,MEGHALAYA,1
2022-04-11,Manipur,1
2022-04-11,NAGALAND,1
2022-04-11,ODISHA,24
2022-04-11,PUDUCHERRY,1
2022-04-11,PUNJAB,25
2022-04-11,RAJASTHAN,27
2022-04-11,Rajasthan,1
2022-04-11,SIKKIM,1
2022-04-11,TAMIL NADU,109
2022-04-11,TELANGANA,82
2022-04-11,TRIPURA,2
2022-04-11,UTTAR PRADESH,97
2022-04-11,UTTARAKHAND,19
2022-04-11,WEST BENGAL,77
2022-04-11,delhi,1
2022-04-12,ANDHRA PRADESH,40
2022-04-12,ARUNACHAL PRADESH,1
2022-04-12,ASSAM,14
2022-04-12,BIHAR,11
2022-04-12,CHANDIGARH,2
2022-04-12,CHHATTISGARH,12
2022-04-12,Chandigarh,1
2022-04-12,DELHI,50
2022-04-12,Delhi,1
2022-04-12,GOA,16
2022-04-12,Gujarat,34
2022-04-12,HARYANA,30
2022-04-12,HIMACHAL PRADESH,5
2022-04-12,JAMMU & KASHMIR,3
2022-04-12,JHARKHAND,14
2022-04-12,KARNATAKA,145
2022-04-12,KERALA,42
2022-04-12,MADHYA PRADESH,18
2022-04-12,MAHARASHTRA,225
2022-04-12,MANIPUR,3
2022-04-12,MEGHALAYA,1
2022-04-12,MIZORAM,1
2022-04-12,New Delhi,1
2022-04-12,ODISHA,22
2022-04-12,PUDUCHERRY,1
2022-04-12,PUNJAB,10
2022-04-12,RAJASTHAN,19
2022-04-12,SIKKIM,1
2022-04-12,TAMIL NADU,87
2022-04-12,TELANGANA,74
2022-04-12,TRIPURA,2
2022-04-12,UTTAR PRADESH,84
2022-04-12,UTTARAKHAND,21
2022-04-12,WEST BENGAL,61
2022-04-12,delhi,1
2022-04-13,ANDAMAN & NICOBAR,4
2022-04-13,ANDHRA PRADESH,34
2022-04-13,ASSAM,21
2022-04-13,BIHAR,17
2022-04-13,CHANDIGARH,2
2022-04-13,CHHATTISGARH,3
2022-04-13,DADRA AND NAGAR,1
2022-04-13,DELHI,63
2022-04-13,Delhi,1
2022-04-13,GOA,11
2022-04-13,Gujarat,40
2022-04-13,HARYANA,41
2022-04-13,HIMACHAL PRADESH,3
2022-04-13,JAMMU & KASHMIR,8
2022-04-13,JHARKHAND,13
2022-04-13,KARNATAKA,194
2022-04-13,KERALA,64
2022-04-13,MADHYA PRADESH,27
2022-04-13,MAHARASHTRA,228
2022-04-13,MANIPUR,3
2022-04-13,MEGHALAYA,1
2022-04-13,MIZORAM,1
2022-04-13,ODISHA,19
2022-04-13,PUDUCHERRY,4
2022-04-13,PUNJAB,15
2022-04-13,RAJASTHAN,29
2022-04-13,Rajasthan,3
2022-04-13,SIKKIM,2
2022-04-13,TAMIL NADU,87
2022-04-13,TELANGANA,109
2022-04-13,TRIPURA,3
2022-04-13,UTTAR PRADESH,94
2022-04-13,UTTARAKHAND,18
2022-04-13,WEST BENGAL,79
2022-04-13,orissa,1
2022-04-14,ANDAMAN & NICOBAR,4
2022-04-14,ANDHRA PRADESH,61
2022-04-14,ARUNACHAL PRADESH,5
2022-04-14,ASSAM,18
2022-04-14,BIHAR,33
2022-04-14,CHANDIGARH,2
2022-04-14,CHHATTISGARH,12
2022-04-14,DELHI,68
2022-04-14,Delhi,1
2022-04-14,GOA,11
2022-04-14,Gujarat,55
2022-04-14,HARYANA,40
2022-04-14,HIMACHAL PRADESH,15
2022-04-14,JAMMU & KASHMIR,8
2022-04-14,JHARKHAND,22
2022-04-14,KARNATAKA,203
2022-04-14,KERALA,76
2022-04-14,LADAKH,1
2022-04-14,MADHYA PRADESH,32
2022-04-14,MAHARASHTRA,238
2022-04-14,MANIPUR,3
2022-04-14,MEGHALAYA,4
2022-04-14,MIZORAM,1
2022-04-14,NAGALAND,1
2022-04-14,New Delhi,1
2022-04-14,ODISHA,23
2022-04-14,PUDUCHERRY,7
2022-04-14,PUNJAB,18
2022-04-14,RAJASTHAN,31
2022-04-14,SIKKIM,2
2022-04-14,TAMIL NADU,125
2022-04-14,TELANGANA,94
2022-04-14,TRIPURA,3
2022-04-14,UTTAR PRADESH,130
2022-04-14,UTTARAKHAND,16
2022-04-14,WEST BENGAL,70
2022-04-14,punjab,1
2022-04-15,ANDAMAN & NICOBAR,4
2022-04-15,ANDHRA PRADESH,60
2022-04-15,ARUNACHAL PRADESH,3
2022-04-15,ASSAM,21
2022-04-15,BIHAR,26
2022-04-15,CHANDIGARH,2
2022-04-15,CHHATTISGARH,6
2022-04-15,DADRA AND NAGAR,1
2022-04-15,DELHI,75
2022-04-15,Delhi,2
2022-04-15,GOA,18
2022-04-15,Gujarat,39
2022-04-15,HARYANA,55
2022-04-15,HIMACHAL PRADESH,5
2022-04-15,JAMMU & KASHMIR,6
2022-04-15,JHARKHAND,17
2022-04-15,KARNATAKA,189
2022-04-15,KERALA,57
2022-04-15,MADHYA PRADESH,28
2022-04-15,MAHARASHTRA,244
2022-04-15,MANIPUR,5
2022-04-15,MEGHALAYA,3
2022-04-15,NAGALAND,1
2022-04-15,New Delhi,1
2022-04-15,ODISHA,22
2022-04-15,PUDUCHERRY,5
2022-04-15,PUNJAB,27
2022-04-15,RAJASTHAN,23
2022-04-15,RJ,1
2022-04-15,Rajasthan,1
2022-04-15,TAMIL NADU,134
2022-04-15,TELANGANA,100
2022-04-15,UTTAR PRADESH,103
2022-04-15,UTTARAKHAND,17
2022-04-15,WEST BENGAL,53
2022-04-15,rajasthan,1
2022-04-16,ANDAMAN & NICOBAR,2
2022-04-16,ANDHRA PRADESH,40
2022-04-16,ARUNACHAL PRADESH,1
2022-04-16,ASSAM,16
2022-04-16,BIHAR,27
2022-04-16,CHANDIGARH,3
2022-04-16,CHHATTISGARH,6
2022-04-16,DADRA AND NAGAR,1
2022-04-16,DELHI,75
2022-04-16,Delhi,1
2022-04-16,GOA,11
2022-04-16,Goa,1
2022-04-16,Gujarat,50
2022-04-16,HARYANA,43
2022-04-16,HIMACHAL PRADESH,15
2022-04-16,JAMMU & KASHMIR,8
2022-04-16,JHARKHAND,19
2022-04-16,KARNATAKA,181
2022-04-16,KERALA,50
2022-04-16,MADHYA PRADESH,24
2022-04-16,MAHARASHTRA,217
2022-04-16,MANIPUR,4
2022-04-16,NAGALAND,1
2022-04-16,New Delhi,1
2022-04-16,ODISHA,13
2022-04-16,PUNJAB,26
2022-04-16,RAJASTHAN,31
2022-04-16,Rajasthan,1
2022-04-16,SIKKIM,1
2022-04-16,TAMIL NADU,92
2022-04-16,TELANGANA,108
2022-04-16,TRIPURA,3
2022-04-16,UTTAR PRADESH,122
2022-04-16,UTTARAKHAND,24
2022-04-16,WEST BENGAL,54
2022-04-16,punjab,1
2022-04-17,ANDAMAN & NICOBAR,2
2022-04-17,ANDHRA PRADESH,37
2022-04-17,ARUNACHAL PRADESH,1
2022-04-17,ASSAM,10
2022-04-17,BIHAR,15
2022-04-17,CHANDIGARH,1
2022-04-17,CHHATTISGARH,10
2022-04-17,DELHI,59
2022-04-17,Delhi,7
2022-04-17,GOA,6
2022-04-17,Gujarat,46
2022-04-17,HARYANA,56
2022-04-17,HIMACHAL PRADESH,7
2022-04-17,JAMMU & KASHMIR,6
2022-04-17,JHARKHAND,22
2022-04-17,KARNATAKA,148
2022-04-17,KERALA,57
2022-04-17,MADHYA PRADESH,24
2022-04-17,MAHARASHTRA,210
2022-04-17,MANIPUR,2
2022-04-17,MIZORAM,1
2022-04-17,Manipur,1
2022-04-17,New Delhi,1
2022-04-17,ODISHA,23
2022-04-17,PUDUCHERRY,5
2022-04-17,PUNJAB,22
2022-04-17,RAJASTHAN,32
2022-04-17,SIKKIM,4
2022-04-17,TAMIL NADU,104
2022-04-17,TELANGANA,92
2022-04-17,TRIPURA,2
2022-04-17,UTTAR PRADESH,82
2022-04-17,UTTARAKHAND,11
2022-04-17,WEST BENGAL,64
2022-04-18,ANDAMAN & NICOBAR,3
2022-04-18,ANDHRA PRADESH,45
2022-04-18,ASSAM,14
2022-04-18,BIHAR,26
2022-04-18,Bihar,1
2022-04-18,CHANDIGARH,6
2022-04-18,CHHATTISGARH,13
2022-04-18,DADRA AND NAGAR,1
2022-04-18,DELHI,64
2022-04-18,Delhi,2
2022-04-18,GOA,11
2022-04-18,Gujarat,37
2022-04-18,HARYANA,34
2022-04-18,HIMACHAL PRADESH,10
2022-04-18,JAMMU & KASHMIR,6
2022-04-18,JHARKHAND,17
2022-04-18,KARNATAKA,154
2022-04-18,KERALA,66
2022-04-18,MADHYA PRADESH,15
2022-04-18,MAHARASHTRA,203
2022-04-18,MANIPUR,4
2022-04-18,MEGHALAYA,3
2022-04-18,NAGALAND,1
2022-04-18,New Delhi,2
2022-04-18,ODISHA,14
2022-04-18,Odisha,1
2022-04-18,PUDUCHERRY,4
2022-04-18,PUNJAB,21
2022-04-18,RAJASTHAN,22
2022-04-18,Rajasthan,2
2022-04-18,SIKKIM,1
2022-04-18,TAMIL NADU,95
2022-04-18,TELANGANA,90
2022-04-18,TRIPURA,3
2022-04-18,UTTAR PRADESH,90
2022-04-18,UTTARAKHAND,19
2022-04-18,WEST BENGAL,58
2022-04-18,delhi,1
2022-04-19,ANDAMAN & NICOBAR,2
2022-04-19,ANDHRA PRADESH,49
2022-04-19,ARUNACHAL PRADESH,2
2022-04-19,ASSAM,20
2022-04-19,BIHAR,23
2022-04-19,Bihar,1
2022-04-19,CHANDIGARH,2
2022-04-19,CHHATTISGARH,13
2022-04-19,DADRA AND NAGAR,1
2022-04-19,DELHI,75
2022-04-19,Delhi,1
2022-04-19,GOA,11
2022-04-19,Gujarat,38
2022-04-19,HARYANA,37
2022-04-19,HIMACHAL PRADESH,8
2022-04-19,JAMMU & KASHMIR,9
2022-04-19,JHARKHAND,15
2022-04-19,KARNATAKA,182
2022-04-19,KERALA,57
2022-04-19,MADHYA PRADESH,23
2022-04-19,MAHARASHTRA,208
2022-04-19,MANIPUR,2
2022-04-19,MEGHALAYA,9
2022-04-19,Manipur,1
2022-04-19,ODISHA,28
2022-04-19,PUDUCHERRY,1
2022-04-19,PUNJAB,13
2022-04-19,RAJASTHAN,27
2022-04-19,TAMIL NADU,116
2022-04-19,TELANGANA,108
2022-04-19,UTTAR PRADESH,89
2022-04-19,UTTARAKHAND,15
2022-04-19,WEST BENGAL,58
2022-04-20,ANDAMAN & NICOBAR,3
2022-04-20,ANDHRA PRADESH,46
2022-04-20,ARUNACHAL PRADESH,4
2022-04-20,ASSAM,16
2022-04-20,BIHAR,29
2022-04-20,Bihar,2
2022-04-20,CHANDIGARH,4
2022-04-20,CHHATTISGARH,9
2022-04-20,DADRA AND NAGAR,1
2022-04-20,DELHI,76
2022-04-20,Delhi,3
2022-04-20,GOA,19
2022-04-20,Gujarat,52
2022-04-20,HARYANA,51
2022-04-20,HIMACHAL PRADESH,6
2022-04-20,JAMMU & KASHMIR,9
2022-04-20,JHARKHAND,16
2022-04-20,KARNATAKA,164
2022-04-20,KERALA,74
2022-04-20,MADHYA PRADESH,26
2022-04-20,MAHARASHTRA,245
2022-04-20,MANIPUR,3
2022-04-20,MEGHALAYA,3
2022-04-20,NAGALAND,1
2022-04-20,New Delhi,1
2022-04-20,ODISHA,21
2022-04-20,PUDUCHERRY,6
2022-04-20,PUNJAB,25
2022-04-20,RAJASTHAN,38
2022-04-20,SIKKIM,2
2022-04-20,TAMIL NADU,105
2022-04-20,TELANGANA,113
2022-04-20,TRIPURA,1
2022-04-20,UTTAR PRADESH,132
2022-04-20,UTTARAKHAND,18
2022-04-20,WEST BENGAL,81
2022-04-20,delhi,1
2022-04-21,ANDAMAN & NICOBAR,3
2022-04-21,ANDHRA PRADESH,73
2022-04-21,ARUNACHAL PRADESH,1
2022-04-21,ASSAM,24
2022-04-21,BIHAR,24
2022-04-21,Bihar,1
2022-04-21,CHANDIGARH,4
2022-04-21,CHHATTISGARH,9
2022-04-21,DELHI,68
2022-04-21,Delhi,1
2022-04-21,GOA,11
2022-04-21,Goa,3
2022-04-21,Gujarat,36
2022-04-21,HARYANA,34
2022-04-21,HIMACHAL PRADESH,7
2022-04-21,JAMMU & KASHMIR,11
2022-04-21,JHARKHAND,16
2022-04-21,KARNATAKA,169
2022-04-21,KERALA,63
2022-04-21,MADHYA PRADESH,28
2022-04-21,MAHARASHTRA,233
2022-04-21,MANIPUR,5
2022-04-21,MEGHALAYA,1
2022-04-21,MIZORAM,1
2022-04-21,NAGALAND,2
2022-04-21,New Delhi,2
2022-04-21,ODISHA,25
2022-04-21,Odisha,1
2022-04-21,PUDUCHERRY,1
2022-04-21,PUNJAB,13
2022-04-21,RAJASTHAN,20
2022-04-21,SIKKIM,2
2022-04-21,TAMIL NADU,128
2022-04-21,TELANGANA,125
2022-04-21,UTTAR PRADESH,105
2022-04-21,UTTARAKHAND,9
2022-04-21,WEST BENGAL,49
2022-04-21,punjab,2
2022-04-21,rajasthan,1
2022-04-22,ANDAMAN & NICOBAR,2
2022-04-22,ANDHRA PRADESH,58
2022-04-22,ASSAM,22
2022-04-22,BIHAR,22
2022-04-22,CHANDIGARH,5
2022-04-22,CHHATTISGARH,8
2022-04-22,DADRA AND NAGAR,1
2022-04-22,DELHI,62
2022-04-22,Delhi,1
2022-04-22,GOA,11
2022-04-22,Gujarat,42
2022-04-22,HARYANA,46
2022-04-22,HIMACHAL PRADESH,7
2022-04-22,JAMMU & KASHMIR,10
2022-04-22,JHARKHAND,17
2022-04-22,KARNATAKA,172
2022-04-22,KERALA,78
2022-04-22,MADHYA PRADESH,20
2022-04-22,MAHARASHTRA,216
2022-04-22,MANIPUR,1
2022-04-22,MEGHALAYA,2
2022-04-22,MIZORAM,1
2022-04-22,NAGALAND,1
2022-04-22,ODISHA,26
2022-04-22,PUDUCHERRY,2
2022-04-22,PUNJAB,23
2022-04-22,Punjab,2
2022-04-22,RAJASTHAN,22
2022-04-22,SIKKIM,1
2022-04-22,TAMIL NADU,80
2022-04-22,TELANGANA,117
2022-04-22,UTTAR PRADESH,119
2022-04-22,UTTARAKHAND,13
2022-04-22,WEST BENGAL,39
2022-04-23,ANDAMAN & NICOBAR,3
2022-04-23,ANDHRA PRADESH,43
2022-04-23,ASSAM,18
2022-04-23,BIHAR,21
2022-04-23,CHANDIGARH,7
2022-04-23,CHHATTISGARH,11
2022-04-23,DADRA AND NAGAR,1
2022-04-23,DELHI,81
2022-04-23,Delhi,4
2022-04-23,GOA,7
2022-04-23,Goa,3
2022-04-23,Gujarat,41
2022-04-23,HARYANA,54
2022-04-23,HIMACHAL PRADESH,8
2022-04-23,JAMMU & KASHMIR,8
2022-04-23,JHARKHAND,18
2022-04-23,KARNATAKA,171
2022-04-23,KERALA,62
2022-04-23,MADHYA PRADESH,30
2022-04-23,MAHARASHTRA,259
2022-04-23,MANIPUR,3
2022-04-23,MEGHALAYA,4
2022-04-23,MIZORAM,1
2022-04-23,ODISHA,18
2022-04-23,PUDUCHERRY,2
2022-04-23,PUNJAB,20
2022-04-23,Puducherry,1
2022-04-23,RAJASTHAN,24
2022-04-23,Rajasthan,2
2022-04-23,SIKKIM,4
2022-04-23,TAMIL NADU,106
2022-04-23,TELANGANA,119
2022-04-23,UTTAR PRADESH,125
2022-04-23,UTTARAKHAND,18
2022-04-23,WEST BENGAL,67
2022-04-24,ANDAMAN & NICOBAR,1
2022-04-24,ANDHRA PRADESH,64
2022-04-24,ASSAM,14
2022-04-24,BIHAR,24
2022-04-24,CHANDIGARH,4
2022-04-24,CHHATTISGARH,6
2022-04-24,DELHI,75
2022-04-24,Delhi,5
2022-04-24,GOA,8
2022-04-24,Gujarat,54
2022-04-24,HARYANA,57
2022-04-24,HIMACHAL PRADESH,7
2022-04-24,JAMMU & KASHMIR,3
2022-04-24,JHARKHAND,14
2022-04-24,KARNATAKA,165
2022-04-24,KERALA,69
2022-04-24,LADAKH,2
2022-04-24,MADHYA PRADESH,22
2022-04-24,MAHARASHTRA,251
2022-04-24,MANIPUR,6
2022-04-24,MIZORAM,2
2022-04-24,NAGALAND,3
2022-04-24,New Delhi,1
2022-04-24,ODISHA,14
2022-04-24,PUDUCHERRY,1
2022-04-24,PUNJAB,29
2022-04-24,Punjab,1
2022-04-24,RAJASTHAN,30
2022-04-24,Rajasthan,1
2022-04-24,SIKKIM,2
2022-04-24,TAMIL NADU,110
2022-04-24,TELANGANA,98
2022-04-24,TRIPURA,2
2022-04-24,UTTAR PRADESH,112
2022-04-24,UTTARAKHAND,17
2022-04-24,WEST BENGAL,70
2022-04-24,rajasthan,2
2022-04-25,ANDAMAN & NICOBAR,3
2022-04-25,ANDHRA PRADESH,43
2022-04-25,ARUNACHAL PRADESH,4
2022-04-25,ASSAM,14
2022-04-25,BIHAR,13
2022-04-25,CHANDIGARH,8
2022-04-25,CHHATTISGARH,13
2022-04-25,DELHI,59
2022-04-25,Delhi,1
2022-04-25,GOA,13
2022-04-25,Gujarat,50
2022-04-25,HARYANA,34
2022-04-25,HIMACHAL PRADESH,7
2022-04-25,JAMMU & KASHMIR,6
2022-04-25,JHARKHAND,19
2022-04-25,KARNATAKA,163
2022-04-25,KERALA,51
2022-04-25,MADHYA PRADESH,20
2022-04-25,MAHARASHTRA,191
2022-04-25,MANIPUR,2
2022-04-25,MEGHALAYA,1
2022-04-25,NAGALAND,1
2022-04-25,New Delhi,6
2022-04-25,ODISHA,27
2022-04-25,PUDUCHERRY,3
2022-04-25,PUNJAB,19
2022-04-25,Punjab,3
2022-04-25,Punjab/Mohali/Zirakpur,1
2022-04-25,RAJASTHAN,20
2022-04-25,SIKKIM,5
2022-04-25,TAMIL NADU,122
2022-04-25,TELANGANA,96
2022-04-25,TRIPURA,2
2022-04-25,UTTAR PRADESH,107
2022-04-25,UTTARAKHAND,18
2022-04-25,WEST BENGAL,58
2022-04-26,ANDAMAN & NICOBAR,1
2022-04-26,ANDHRA PRADESH,43
2022-04-26,ASSAM,15
2022-04-26,BIHAR,13
2022-04-26,CHANDIGARH,1
2022-04-26,CHHATTISGARH,12
2022-04-26,DADRA AND NAGAR,1
2022-04-26,DELHI,60
2022-04-26,Delhi,2
2022-04-26,GOA,15
2022-04-26,Gujarat,41
2022-04-26,HARYANA,33
2022-04-26,HIMACHAL PRADESH,7
2022-04-26,JAMMU & KASHMIR,6
2022-04-26,JHARKHAND,16
2022-04-26,KARNATAKA,150
2022-04-26,KERALA,55
2022-04-26,LADAKH,1
2022-04-26,MADHYA PRADESH,17
2022-04-26,MAHARASHTRA,228
2022-04-26,MANIPUR,2
2022-04-26,MEGHALAYA,3
2022-04-26,MIZORAM,4
2022-04-26,NAGALAND,1
2022-04-26,ODISHA,22
2022-04-26,PUDUCHERRY,4
2022-04-26,PUNJAB,25
2022-04-26,RAJASTHAN,17
2022-04-26,Rajasthan,1
2022-04-26,TAMIL NADU,111
2022-04-26,TELANGANA,89
2022-04-26,UTTAR PRADESH,92
2022-04-26,UTTARAKHAND,14
2022-04-26,WEST BENGAL,60
2022-04-27,ANDHRA PRADESH,43
2022-04-27,ASSAM,8
2022-04-27,BIHAR,13
2022-04-27,CHHATTISGARH,12
2022-04-27,DELHI,53
2022-04-27,GOA,16
2022-04-27,Gujarat,25
2022-04-27,HARYANA,32
2022-04-27,HIMACHAL PRADESH,7
2022-04-27,JAMMU & KASHMIR,6
2022-04-27,JHARKHAND,11
2022-04-27,KARNATAKA,139
2022-04-27,KERALA,61
2022-04-27,MADHYA PRADESH,22
2022-04-27,MAHARASHTRA,179
2022-04-27,MANIPUR,4
2022-04-27,MEGHALAYA,5
2022-04-27,MIZORAM,2
2022-04-27,NAGALAND,1
2022-04-27,ODISHA,19
2022-04-27,PUDUCHERRY,5
2022-04-27,PUNJAB,17
2022-04-27,RAJASTHAN,32
2022-04-27,TAMIL NADU,101
2022-04-27,TELANGANA,89
2022-04-27,TRIPURA,3
2022-04-27,UTTAR PRADESH,87
2022-04-27,UTTARAKHAND,14
2022-04-27,WEST BENGAL,50
2022-04-27,punjab,2
2022-04-28,ANDAMAN & NICOBAR,1
2022-04-28,ANDHRA PRADESH,41
2022-04-28,ASSAM,13
2022-04-28,BIHAR,12
2022-04-28,Bihar,1
2022-04-28,CHANDIGARH,3
2022-04-28,CHHATTISGARH,13
2022-04-28,DELHI,55
2022-04-28,Delhi,1
2022-04-28,GOA,10
2022-04-28,Goa,2
2022-04-28,Gujarat,37
2022-04-28,HARYANA,48
2022-04-28,HIMACHAL PRADESH,7
2022-04-28,JAMMU & KASHMIR,7
2022-04-28,JHARKHAND,14
2022-04-28,KARNATAKA,162
2022-04-28,KERALA,49
2022-04-28,LADAKH,1
2022-04-28,MADHYA PRADESH,21
2022-04-28,MAHARASHTRA,181
2022-04-28,MANIPUR,4
2022-04-28,NAGALAND,2
2022-04-28,NL,1
2022-04-28,ODISHA,16
2022-04-28,PUDUCHERRY,5
2022-04-28,PUNJAB,11
2022-04-28,RAJASTHAN,24
2022-04-28,SIKKIM,2
2022-04-28,TAMIL NADU,79
2022-04-28,TELANGANA,88
2022-04-28,UTTAR PRADESH,84
2022-04-28,UTTARAKHAND,14
2022-04-28,WEST BENGAL,52
2022-04-29,ANDAMAN & NICOBAR,2
2022-04-29,ANDHRA PRADESH,52
2022-04-29,ASSAM,11
2022-04-29,BIHAR,25
2022-04-29,CHANDIGARH,3
2022-04-29,CHHATTISGARH,11
2022-04-29,DELHI,49
2022-04-29,Delhi,2
2022-04-29,GOA,5
2022-04-29,Goa,1
2022-04-29,Gujarat,50
2022-04-29,HARYANA,37
2022-04-29,HIMACHAL PRADESH,3
2022-04-29,JAMMU & KASHMIR,9
2022-04-29,JHARKHAND,14
2022-04-29,KARNATAKA,137
2022-04-29,KERALA,49
2022-04-29,MADHYA PRADESH,20
2022-04-29,MAHARASHTRA,206
2022-04-29,MANIPUR,3
2022-04-29,MEGHALAYA,1
2022-04-29,Manipur,1
2022-04-29,NAGALAND,1
2022-04-29,ODISHA,20
2022-04-29,Odisha,1
2022-04-29,PUDUCHERRY,4
2022-04-29,PUNJAB,13
2022-04-29,Punjab,1
2022-04-29,RAJASTHAN,16
2022-04-29,SIKKIM,1
2022-04-29,TAMIL NADU,95
2022-04-29,TELANGANA,91
2022-04-29,TRIPURA,3
2022-04-29,UTTAR PRADESH,79
2022-04-29,UTTARAKHAND,15
2022-04-29,WEST BENGAL,52
2022-04-29,rajasthan,1
2022-04-30,ANDHRA PRADESH,40
2022-04-30,ARUNACHAL PRADESH,1
2022-04-30,ASSAM,23
2022-04-30,BIHAR,22
2022-04-30,CHANDIGARH,2
2022-04-30,CHHATTISGARH,9
2022-04-30,DADRA AND NAGAR,3
2022-04-30,DELHI,67
2022-04-30,GOA,6
2022-04-30,Goa,2
2022-04-30,Gujarat,48
2022-04-30,HARYANA,41
2022-04-30,HIMACHAL PRADESH,10
2022-04-30,JAMMU & KASHMIR,6
2022-04-30,JHARKHAND,21
2022-04-30,KARNATAKA,162
2022-04-30,KERALA,48
2022-04-30,LADAKH,1
2022-04-30,MADHYA PRADESH,27
2022-04-30,MAHARASHTRA,220
2022-04-30,MANIPUR,4
2022-04-30,MEGHALAYA,3
2022-04-30,NAGALAND,4
2022-04-30,ODISHA,26
2022-04-30,PUDUCHERRY,4
2022-04-30,PUNJAB,14
2022-04-30,RAJASTHAN,29
2022-04-30,SIKKIM,1
2022-04-30,TAMIL NADU,101
2022-04-30,TELANGANA,138
2022-04-30,TRIPURA,4
2022-04-30,UTTAR PRADESH,105
2022-04-30,UTTARAKHAND,15
2022-04-30,WEST BENGAL,72
2022-05-01,ANDAMAN & NICOBAR,1
2022-05-01,ANDHRA PRADESH,60
2022-05-01,ARUNACHAL PRADESH,1
2022-05-01,ASSAM,17
2022-05-01,BIHAR,12
2022-05-01,Bihar,1
2022-05-01,CHANDIGARH,2
2022-05-01,CHHATTISGARH,15
2022-05-01,DADRA AND NAGAR,2
2022-05-01,DELHI,65
2022-05-01,Delhi,2
2022-05-01,GOA,12
2022-05-01,Gujarat,56
2022-05-01,HARYANA,40
2022-05-01,HIMACHAL PRADESH,5
2022-05-01,JAMMU & KASHMIR,8
2022-05-01,JHARKHAND,16
2022-05-01,KARNATAKA,180
2022-05-01,KERALA,65
2022-05-01,MADHYA PRADESH,20
2022-05-01,MAHARASHTRA,290
2022-05-01,MANIPUR,4
2022-05-01,MIZORAM,1
2022-05-01,ODISHA,14
2022-05-01,PUDUCHERRY,2
2022-05-01,PUNJAB,25
2022-05-01,Punjab,1
2022-05-01,RAJASTHAN,22
2022-05-01,Rajasthan,1
2022-05-01,TAMIL NADU,128
2022-05-01,TELANGANA,109
2022-05-01,UTTAR PRADESH,100
2022-05-01,UTTARAKHAND,18
2022-05-01,WEST BENGAL,75
2022-05-02,ANDAMAN & NICOBAR,1
2022-05-02,ANDHRA PRADESH,65
2022-05-02,ARUNACHAL PRADESH,1
2022-05-02,ASSAM,12
2022-05-02,BIHAR,30
2022-05-02,CHANDIGARH,1
2022-05-02,CHHATTISGARH,13
2022-05-02,DADRA AND NAGAR,1
2022-05-02,DELHI,82
2022-05-02,GOA,13
2022-05-02,Gujarat,49
2022-05-02,HARYANA,45
2022-05-02,HIMACHAL PRADESH,8
2022-05-02,JAMMU & KASHMIR,8
2022-05-02,JHARKHAND,16
2022-05-02,KARNATAKA,240
2022-05-02,KERALA,72
2022-05-02,MADHYA PRADESH,41
2022-05-02,MAHARASHTRA,265
2022-05-02,MANIPUR,3
2022-05-02,MEGHALAYA,4
2022-05-02,MIZORAM,1
2022-05-02,New Delhi,2
2022-05-02,ODISHA,32
2022-05-02,PUDUCHERRY,6
2022-05-02,PUNJAB,16
2022-05-02,Punjab,1
2022-05-02,RAJASTHAN,31
2022-05-02,SIKKIM,5
2022-05-02,TAMIL NADU,137
2022-05-02,TELANGANA,122
2022-05-02,TRIPURA,1
2022-05-02,UTTAR PRADESH,128
2022-05-02,UTTARAKHAND,25
2022-05-02,WEST BENGAL,77
2022-05-02,goa,1
2022-05-02,punjab,2
2022-05-03,ANDAMAN & NICOBAR,3
2022-05-03,ANDHRA PRADESH,69
2022-05-03,ARUNACHAL PRADESH,1
2022-05-03,ASSAM,15
2022-05-03,BIHAR,28
2022-05-03,CHANDIGARH,4
2022-05-03,CHHATTISGARH,8
2022-05-03,DADRA AND NAGAR,2
2022-05-03,DELHI,82
2022-05-03,Delhi,3
2022-05-03,GOA,15
2022-05-03,Gujarat,50
2022-05-03,HARYANA,47
2022-05-03,HIMACHAL PRADESH,12
2022-05-03,JAMMU & KASHMIR,6
2022-05-03,JHARKHAND,24
2022-05-03,KARNATAKA,206
2022-05-03,KERALA,68
2022-05-03,LADAKH,1
2022-05-03,MADHYA PRADESH,36
2022-05-03,MAHARASHTRA,293
2022-05-03,MANIPUR,1
2022-05-03,MEGHALAYA,2
2022-05-03,MIZORAM,2
2022-05-03,NAGALAND,2
2022-05-03,New Delhi,1
2022-05-03,ODISHA,26
2022-05-03,PUDUCHERRY,7
2022-05-03,PUNJAB,18
2022-05-03,RAJASTHAN,35
2022-05-03,Rajasthan,1
2022-05-03,SIKKIM,2
2022-05-03,TAMIL NADU,149
2022-05-03,TELANGANA,141
2022-05-03,TRIPURA,3
2022-05-03,UTTAR PRADESH,119
2022-05-03,UTTARAKHAND,24
2022-05-03,WEST BENGAL,74
2022-05-04,ANDAMAN & NICOBAR,3
2022-05-04,ANDHRA PRADESH,58
2022-05-04,ARUNACHAL PRADESH,2
2022-05-04,ASSAM,11
2022-05-04,BIHAR,29
2022-05-04,CHANDIGARH,4
2022-05-04,CHHATTISGARH,11
2022-05-04,Chandigarh,1
2022-05-04,DADRA AND NAGAR,1
2022-05-04,DELHI,58
2022-05-04,Delhi,1
2022-05-04,GOA,9
2022-05-04,Gujarat,56
2022-05-04,HARYANA,62
2022-05-04,HIMACHAL PRADESH,6
2022-05-04,JAMMU & KASHMIR,12
2022-05-04,JHARKHAND,20
2022-05-04,KARNATAKA,208
2022-05-04,KERALA,60
2022-05-04,MADHYA PRADESH,24
2022-05-04,MAHARASHTRA,305
2022-05-04,MANIPUR,5
2022-05-04,MEGHALAYA,3
2022-05-04,NAGALAND,2
2022-05-04,New Delhi,1
2022-05-04,ODISHA,18
2022-05-04,PUDUCHERRY,5
2022-05-04,PUNJAB,23
2022-05-04,RAJASTHAN,27
2022-05-04,Rajasthan,1
2022-05-04,SIKKIM,2
2022-05-04,TAMIL NADU,122
2022-05-04,TELANGANA,136
2022-05-04,TRIPURA,2
2022-05-04,UTTAR PRADESH,144
2022-05-04,UTTARAKHAND,17
2022-05-04,WEST BENGAL,72
2022-05-05,ANDAMAN & NICOBAR,1
2022-05-05,ANDHRA PRADESH,53
2022-05-05,ARUNACHAL PRADESH,3
2022-05-05,ASSAM,15
2022-05-05,Arunachal pradesh,1
2022-05-05,BIHAR,16
2022-05-05,Bihar,2
2022-05-05,CHANDIGARH,7
2022-05-05,CHHATTISGARH,4
2022-05-05,DELHI,59
2022-05-05,Delhi,2
2022-05-05,GOA,9
2022-05-05,Gujarat,45
2022-05-05,HARYANA,50
2022-05-05,HIMACHAL PRADESH,8
2022-05-05,JAMMU & KASHMIR,10
2022-05-05,JHARKHAND,7
2022-05-05,KARNATAKA,144
2022-05-05,KERALA,41
2022-05-05,MADHYA PRADESH,22
2022-05-05,MAHARASHTRA,200
2022-05-05,MANIPUR,1
2022-05-05,MEGHALAYA,2
2022-05-05,ODISHA,19
2022-05-05,PUDUCHERRY,5
2022-05-05,PUNJAB,21
2022-05-05,Punjab,2
2022-05-05,RAJASTHAN,33
2022-05-05,Rajasthan,1
2022-05-05,SIKKIM,4
2022-05-05,TAMIL NADU,93
2022-05-05,TELANGANA,94
2022-05-05,TRIPURA,1
2022-05-05,UTTAR PRADESH,83
2022-05-05,UTTARAKHAND,10
2022-05-05,WEST BENGAL,38
2022-05-06,ANDAMAN & NICOBAR,1
2022-05-06,ANDHRA PRADESH,34
2022-05-06,ARUNACHAL PRADESH,2
2022-05-06,ASSAM,12
2022-05-06,BIHAR,19
2022-05-06,CHANDIGARH,2
2022-05-06,CHHATTISGARH,7
2022-05-06,DELHI,75
2022-05-06,Delhi,2
2022-05-06,GOA,9
2022-05-06,Gujarat,41
2022-05-06,HARYANA,36
2022-05-06,HIMACHAL PRADESH,8
2022-05-06,JAMMU & KASHMIR,4
2022-05-06,JHARKHAND,13
2022-05-06,KARNATAKA,131
2022-05-06,KERALA,57
2022-05-06,MADHYA PRADESH,18
2022-05-06,MAHARASHTRA,180
2022-05-06,MANIPUR,4
2022-05-06,MEGHALAYA,1
2022-05-06,NAGALAND,1
2022-05-06,New Delhi,1
2022-05-06,ODISHA,23
2022-05-06,PUDUCHERRY,2
2022-05-06,PUNJAB,23
2022-05-06,RAJASTHAN,29
2022-05-06,SIKKIM,1
2022-05-06,TAMIL NADU,69
2022-05-06,TELANGANA,105
2022-05-06,TRIPURA,2
2022-05-06,UTTAR PRADESH,82
2022-05-06,UTTARAKHAND,13
2022-05-06,WEST BENGAL,45
2022-05-07,ANDHRA PRADESH,37
2022-05-07,ARUNACHAL PRADESH,2
2022-05-07,ASSAM,16
2022-05-07,BIHAR,9
2022-05-07,CHANDIGARH,3
2022-05-07,CHHATTISGARH,9
2022-05-07,DADRA AND NAGAR,1
2022-05-07,DELHI,57
2022-05-07,GOA,12
2022-05-07,Gujarat,46
2022-05-07,HARYANA,39
2022-05-07,HIMACHAL PRADESH,5
2022-05-07,JAMMU & KASHMIR,7
2022-05-07,JHARKHAND,8
2022-05-07,KARNATAKA,144
2022-05-07,KERALA,56
2022-05-07,MADHYA PRADESH,21
2022-05-07,MAHARASHTRA,177
2022-05-07,MANIPUR,3
2022-05-07,MIZORAM,2
2022-05-07,NAGALAND,3
2022-05-07,ODISHA,19
2022-05-07,PUDUCHERRY,4
2022-05-07,PUNJAB,21
2022-05-07,RAJASTHAN,19
2022-05-07,SIKKIM,3
2022-05-07,TAMIL NADU,86
2022-05-07,TELANGANA,86
2022-05-07,UTTAR PRADESH,89
2022-05-07,UTTARAKHAND,18
2022-05-07,WEST BENGAL,55
2022-05-07,punjab,1
2022-05-08,ANDAMAN & NICOBAR,2
2022-05-08,ANDHRA PRADESH,42
2022-05-08,ASSAM,9
2022-05-08,BIHAR,13
2022-05-08,Bihar,1
2022-05-08,CHANDIGARH,5
2022-05-08,CHHATTISGARH,7
2022-05-08,DELHI,59
2022-05-08,Delhi,2
2022-05-08,GOA,10
2022-05-08,Goa,1
2022-05-08,Gujarat,39
2022-05-08,HARYANA,28
2022-05-08,HIMACHAL PRADESH,7
2022-05-08,JAMMU & KASHMIR,8
2022-05-08,JHARKHAND,14
2022-05-08,KARNATAKA,113
2022-05-08,KERALA,54
2022-05-08,MADHYA PRADESH,27
2022-05-08,MAHARASHTRA,212
2022-05-08,MANIPUR,2
2022-05-08,MEGHALAYA,1
2022-05-08,MIZORAM,1
2022-05-08,NAGALAND,1
2022-05-08,Nagaland,1
2022-05-08,ODISHA,9
2022-05-08,PUDUCHERRY,1
2022-05-08,PUNJAB,11
2022-05-08,Punjab,1
2022-05-08,RAJASTHAN,17
2022-05-08,TAMIL NADU,77
2022-05-08,TELANGANA,93
2022-05-08,UTTAR PRADESH,107
2022-05-08,UTTARAKHAND,9
2022-05-08,WEST BENGAL,50
2022-05-09,ANDAMAN & NICOBAR,4
2022-05-09,ANDHRA PRADESH,39
2022-05-09,ASSAM,8
2022-05-09,BIHAR,13
2022-05-09,CHANDIGARH,6
2022-05-09,CHHATTISGARH,3
2022-05-09,DELHI,58
2022-05-09,Delhi,2
2022-05-09,GOA,14
2022-05-09,Goa,1
2022-05-09,Gujarat,30
2022-05-09,HARYANA,28
2022-05-09,HIMACHAL PRADESH,5
2022-05-09,JAMMU & KASHMIR,6
2022-05-09,JHARKHAND,15
2022-05-09,KARNATAKA,96
2022-05-09,KERALA,47
2022-05-09,MADHYA PRADESH,21
2022-05-09,MAHARASHTRA,168
2022-05-09,MANIPUR,4
2022-05-09,MEGHALAYA,3
2022-05-09,MIZORAM,1
2022-05-09,NAGALAND,2
2022-05-09,ODISHA,14
2022-05-09,Odisha,1
2022-05-09,PUDUCHERRY,2
2022-05-09,PUNJAB,14
2022-05-09,RAJASTHAN,14
2022-05-09,SIKKIM,1
2022-05-09,TAMIL NADU,101
2022-05-09,TELANGANA,90
2022-05-09,TRIPURA,1
2022-05-09,UTTAR PRADESH,79
2022-05-09,UTTARAKHAND,13
2022-05-09,WEST BENGAL,47
2022-05-10,ANDHRA PRADESH,32
2022-05-10,ARUNACHAL PRADESH,1
2022-05-10,ASSAM,11
2022-05-10,BIHAR,11
2022-05-10,CHHATTISGARH,6
2022-05-10,DADRA AND NAGAR,2
2022-05-10,DELHI,52
2022-05-10,Delhi,1
2022-05-10,GOA,4
2022-05-10,Gujarat,33
2022-05-10,HARYANA,30
2022-05-10,HIMACHAL PRADESH,4
2022-05-10,JAMMU & KASHMIR,3
2022-05-10,JHARKHAND,11
2022-05-10,KARNATAKA,123
2022-05-10,KERALA,38
2022-05-10,LADAKH,1
2022-05-10,MADHYA PRADESH,13
2022-05-10,MAHARASHTRA,142
2022-05-10,MANIPUR,2
2022-05-10,NAGALAND,2
2022-05-10,ODISHA,14
2022-05-10,PUDUCHERRY,5
2022-05-10,PUNJAB,16
2022-05-10,RAJASTHAN,17
2022-05-10,SIKKIM,1
2022-05-10,TAMIL NADU,85
2022-05-10,TELANGANA,60
2022-05-10,TRIPURA,1
2022-05-10,UTTAR PRADESH,85
2022-05-10,UTTARAKHAND,9
2022-05-10,WEST BENGAL,35
2022-05-11,ANDAMAN & NICOBAR,2
2022-05-11,ANDHRA PRADESH,32
2022-05-11,ASSAM,11
2022-05-11,BIHAR,9
2022-05-11,CHANDIGARH,2
2022-05-11,CHHATTISGARH,5
2022-05-11,DADRA AND NAGAR,2
2022-05-11,DELHI,45
2022-05-11,Delhi,2
2022-05-11,GOA,8
2022-05-11,Gujarat,41
2022-05-11,HARYANA,28
2022-05-11,HIMACHAL PRADESH,8
2022-05-11,JAMMU & KASHMIR,5
2022-05-11,JHARKHAND,12
2022-05-11,KARNATAKA,118
2022-05-11,KERALA,40
2022-05-11,MADHYA PRADESH,19
2022-05-11,MAHARASHTRA,135
2022-05-11,MANIPUR,5
2022-05-11,MEGHALAYA,1
2022-05-11,MIZORAM,1
2022-05-11,NAGALAND,1
2022-05-11,ODISHA,7
2022-05-11,PUDUCHERRY,4
2022-05-11,PUNJAB,8
2022-05-11,Punjab,1
2022-05-11,RAJASTHAN,20
2022-05-11,TAMIL NADU,89
2022-05-11,TELANGANA,76
2022-05-11,TRIPURA,3
2022-05-11,UTTAR PRADESH,68
2022-05-11,UTTARAKHAND,13
2022-05-11,WEST BENGAL,36
2022-05-12,ANDAMAN & NICOBAR,4
2022-05-12,ANDHRA PRADESH,22
2022-05-12,ASSAM,5
2022-05-12,Arunachal pradesh,1
2022-05-12,BIHAR,14
2022-05-12,CHHATTISGARH,7
2022-05-12,DELHI,39
2022-05-12,GOA,3
2022-05-12,Gujarat,35
2022-05-12,HARYANA,31
2022-05-12,HIMACHAL PRADESH,2
2022-05-12,JAMMU & KASHMIR,3
2022-05-12,JHARKHAND,6
2022-05-12,KARNATAKA,97
2022-05-12,KERALA,45
2022-05-12,LAKSHADWEEP,1
2022-05-12,MADHYA PRADESH,15
2022-05-12,MAHARASHTRA,141
2022-05-12,MANIPUR,6
2022-05-12,MEGHALAYA,1
2022-05-12,MIZORAM,1
2022-05-12,NAGALAND,1
2022-05-12,ODISHA,9
2022-05-12,PUDUCHERRY,4
2022-05-12,PUNJAB,12
2022-05-12,RAJASTHAN,16
2022-05-12,SIKKIM,2
2022-05-12,TAMIL NADU,82
2022-05-12,TELANGANA,73
2022-05-12,UTTAR PRADESH,92
2022-05-12,UTTARAKHAND,7
2022-05-12,WEST BENGAL,29
2022-05-13,ANDHRA PRADESH,35
2022-05-13,ARUNACHAL PRADESH,1
2022-05-13,ASSAM,7
2022-05-13,BIHAR,7
2022-05-13,CHHATTISGARH,2
2022-05-13,DADRA AND NAGAR,1
2022-05-13,DELHI,37
2022-05-13,Delhi,2
2022-05-13,GOA,4
2022-05-13,Gujarat,34
2022-05-13,HARYANA,17
2022-05-13,HIMACHAL PRADESH,4
2022-05-13,JAMMU & KASHMIR,5
2022-05-13,JHARKHAND,11
2022-05-13,KARNATAKA,107
2022-05-13,KERALA,51
2022-05-13,MADHYA PRADESH,14
2022-05-13,MAHARASHTRA,130
2022-05-13,MANIPUR,2
2022-05-13,MEGHALAYA,1
2022-05-13,NAGALAND,3
2022-05-13,ODISHA,14
2022-05-13,PUDUCHERRY,4
2022-05-13,PUNJAB,12
2022-05-13,RAJASTHAN,18
2022-05-13,SIKKIM,5
2022-05-13,TAMIL NADU,69
2022-05-13,TELANGANA,71
2022-05-13,UTTAR PRADESH,72
2022-05-13,UTTARAKHAND,9
2022-05-13,WEST BENGAL,32
2022-05-14,ANDAMAN & NICOBAR,3
2022-05-14,ANDHRA PRADESH,39
2022-05-14,ASSAM,11
2022-05-14,BIHAR,8
2022-05-14,CHANDIGARH,5
2022-05-14,CHHATTISGARH,9
2022-05-14,DADRA AND NAGAR,2
2022-05-14,DELHI,43
2022-05-14,Delhi,2
2022-05-14,GOA,7
2022-05-14,Gujarat,32
2022-05-14,HARYANA,33
2022-05-14,HIMACHAL PRADESH,4
2022-05-14,JAMMU & KASHMIR,8
2022-05-14,JHARKHAND,9
2022-05-14,KARNATAKA,110
2022-05-14,KERALA,40
2022-05-14,MADHYA PRADESH,12
2022-05-14,MAHARASHTRA,130
2022-05-14,MANIPUR,1
2022-05-14,MEGHALAYA,1
2022-05-14,MIZORAM,2
2022-05-14,NAGALAND,3
2022-05-14,New Delhi,1
2022-05-14,ODISHA,10
2022-05-14,PUDUCHERRY,1
2022-05-14,PUNJAB,8
2022-05-14,RAJASTHAN,10
2022-05-14,SIKKIM,3
2022-05-14,TAMIL NADU,91
2022-05-14,TELANGANA,79
2022-05-14,TRIPURA,1
2022-05-14,UTTAR PRADESH,90
2022-05-14,UTTARAKHAND,11
2022-05-14,WEST BENGAL,37
2022-05-15,ANDAMAN & NICOBAR,3
2022-05-15,ANDHRA PRADESH,38
2022-05-15,ARUNACHAL PRADESH,3
2022-05-15,ASSAM,6
2022-05-15,BIHAR,14
2022-05-15,CHANDIGARH,6
2022-05-15,CHHATTISGARH,5
2022-05-15,DADRA AND NAGAR,1
2022-05-15,DELHI,58
2022-05-15,Delhi,1
2022-05-15,GOA,10
2022-05-15,Gujarat,35
2022-05-15,HARYANA,34
2022-05-15,HIMACHAL PRADESH,7
2022-05-15,JAMMU & KASHMIR,5
2022-05-15,JHARKHAND,4
2022-05-15,KARNATAKA,132
2022-05-15,KERALA,71
2022-05-15,MADHYA PRADESH,21
2022-05-15,MAHARASHTRA,166
2022-05-15,MEGHALAYA,3
2022-05-15,MIZORAM,1
2022-05-15,NAGALAND,4
2022-05-15,New Delhi,1
2022-05-15,ODISHA,14
2022-05-15,PUDUCHERRY,3
2022-05-15,PUNJAB,18
2022-05-15,RAJASTHAN,19
2022-05-15,SIKKIM,1
2022-05-15,TAMIL NADU,88
2022-05-15,TELANGANA,79
2022-05-15,TRIPURA,1
2022-05-15,UTTAR PRADESH,80
2022-05-15,UTTARAKHAND,11
2022-05-15,WEST BENGAL,37
2022-05-16,ANDAMAN & NICOBAR,1
2022-05-16,ANDHRA PRADESH,41
2022-05-16,ARUNACHAL PRADESH,2
2022-05-16,ASSAM,13
2022-05-16,BIHAR,8
2022-05-16,CHANDIGARH,6
2022-05-16,CHHATTISGARH,6
2022-05-16,DELHI,43
2022-05-16,GOA,13
2022-05-16,Gujarat,37
2022-05-16,HARYANA,43
2022-05-16,HIMACHAL PRADESH,6
2022-05-16,JAMMU & KASHMIR,3
2022-05-16,JHARKHAND,9
2022-05-16,KARNATAKA,107
2022-05-16,KERALA,37
2022-05-16,MADHYA PRADESH,10
2022-05-16,MAHARASHTRA,156
2022-05-16,MANIPUR,3
2022-05-16,MIZORAM,1
2022-05-16,NAGALAND,4
2022-05-16,New Delhi,1
2022-05-16,ODISHA,10
2022-05-16,PUDUCHERRY,2
2022-05-16,PUNJAB,16
2022-05-16,RAJASTHAN,18
2022-05-16,SIKKIM,3
2022-05-16,TAMIL NADU,85
2022-05-16,TELANGANA,80
2022-05-16,TRIPURA,1
2022-05-16,UTTAR PRADESH,63
2022-05-16,UTTARAKHAND,12
2022-05-16,WEST BENGAL,29
2022-05-17,ANDAMAN & NICOBAR,2
2022-05-17,ANDHRA PRADESH,31
2022-05-17,ASSAM,13
2022-05-17,BIHAR,15
2022-05-17,CHHATTISGARH,7
2022-05-17,DADRA AND NAGAR,1
2022-05-17,DELHI,60
2022-05-17,GOA,9
2022-05-17,Gujarat,32
2022-05-17,HARYANA,38
2022-05-17,HIMACHAL PRADESH,5
2022-05-17,JAMMU & KASHMIR,4
2022-05-17,JHARKHAND,8
2022-05-17,KARNATAKA,109
2022-05-17,KERALA,38
2022-05-17,MADHYA PRADESH,10
2022-05-17,MAHARASHTRA,145
2022-05-17,MANIPUR,4
2022-05-17,MEGHALAYA,2
2022-05-17,New Delhi,2
2022-05-17,ODISHA,11
2022-05-17,PUDUCHERRY,1
2022-05-17,PUNJAB,14
2022-05-17,RAJASTHAN,17
2022-05-17,Rajasthan,1
2022-05-17,SIKKIM,1
2022-05-17,Sikkim,1
2022-05-17,TAMIL NADU,75
2022-05-17,TELANGANA,79
2022-05-17,UTTAR PRADESH,75
2022-05-17,UTTARAKHAND,14
2022-05-17,WEST BENGAL,33
2022-05-18,ANDAMAN & NICOBAR,4
2022-05-18,ANDHRA PRADESH,40
2022-05-18,ASSAM,8
2022-05-18,BIHAR,10
2022-05-18,CHANDIGARH,7
2022-05-18,CHHATTISGARH,8
2022-05-18,DELHI,48
2022-05-18,Delhi,2
2022-05-18,GOA,14
2022-05-18,Gujarat,38
2022-05-18,HARYANA,23
2022-05-18,HIMACHAL PRADESH,4
2022-05-18,JAMMU & KASHMIR,2
2022-05-18,JHARKHAND,9
2022-05-18,KARNATAKA,121
2022-05-18,KERALA,42
2022-05-18,MADHYA PRADESH,17
2022-05-18,MAHARASHTRA,175
2022-05-18,MIZORAM,1
2022-05-18,ODISHA,11
2022-05-18,PUDUCHERRY,2
2022-05-18,PUNJAB,16
2022-05-18,RAJASTHAN,19
2022-05-18,Rajasthan,2
2022-05-18,TAMIL NADU,82
2022-05-18,TELANGANA,93
2022-05-18,TRIPURA,1
2022-05-18,UTTAR PRADESH,80
2022-05-18,UTTARAKHAND,14
2022-05-18,WEST BENGAL,36
2022-05-19,ANDHRA PRADESH,39
2022-05-19,ARUNACHAL PRADESH,1
2022-05-19,ASSAM,10
2022-05-19,BIHAR,15
2022-05-19,CHANDIGARH,1
2022-05-19,CHHATTISGARH,8
2022-05-19,DELHI,48
2022-05-19,Delhi,3
2022-05-19,GOA,5
2022-05-19,Gujarat,27
2022-05-19,HARYANA,25
2022-05-19,HIMACHAL PRADESH,6
2022-05-19,JAMMU & KASHMIR,4
2022-05-19,JHARKHAND,6
2022-05-19,KARNATAKA,115
2022-05-19,KERALA,58
2022-05-19,MADHYA PRADESH,22
2022-05-19,MAHARASHTRA,151
2022-05-19,MANIPUR,3
2022-05-19,MEGHALAYA,1
2022-05-19,MIZORAM,1
2022-05-19,ODISHA,6
2022-05-19,PUDUCHERRY,3
2022-05-19,PUNJAB,19
2022-05-19,Punjab,1
2022-05-19,RAJASTHAN,23
2022-05-19,Rajasthan,1
2022-05-19,TAMIL NADU,96
2022-05-19,TELANGANA,92
2022-05-19,TRIPURA,1
2022-05-19,UTTAR PRADESH,72
2022-05-19,UTTARAKHAND,17
2022-05-19,WEST BENGAL,42
2022-05-20,ANDAMAN & NICOBAR,1
2022-05-20,ANDHRA PRADESH,27
2022-05-20,ARUNACHAL PRADESH,3
2022-05-20,ASSAM,10
2022-05-20,BIHAR,8
2022-05-20,CHANDIGARH,2
2022-05-20,CHHATTISGARH,4
2022-05-20,DELHI,48
2022-05-20,Delhi,1
2022-05-20,GOA,12
2022-05-20,Gujarat,35
2022-05-20,HARYANA,27
2022-05-20,HIMACHAL PRADESH,2
2022-05-20,JAMMU & KASHMIR,3
2022-05-20,JHARKHAND,9
2022-05-20,KARNATAKA,116
2022-05-20,KERALA,49
2022-05-20,MADHYA PRADESH,15
2022-05-20,MAHARASHTRA,117
2022-05-20,MANIPUR,3
2022-05-20,MEGHALAYA,3
2022-05-20,MIZORAM,2
2022-05-20,NAGALAND,1
2022-05-20,New Delhi,2
2022-05-20,ODISHA,12
2022-05-20,PUDUCHERRY,3
2022-05-20,PUNJAB,10
2022-05-20,RAJASTHAN,9
2022-05-20,SIKKIM,1
2022-05-20,TAMIL NADU,72
2022-05-20,TELANGANA,75
2022-05-20,TRIPURA,1
2022-05-20,UTTAR PRADESH,64
2022-05-20,UTTARAKHAND,13
2022-05-20,WEST BENGAL,44
2022-05-21,ANDAMAN & NICOBAR,1
2022-05-21,ANDHRA PRADESH,19
2022-05-21,ASSAM,11
2022-05-21,BIHAR,10
2022-05-21,CHANDIGARH,2
2022-05-21,CHHATTISGARH,7
2022-05-21,DELHI,52
2022-05-21,Delhi,2
2022-05-21,GOA,4
2022-05-21,Gujarat,16
2022-05-21,HARYANA,32
2022-05-21,HIMACHAL PRADESH,2
2022-05-21,JAMMU & KASHMIR,5
2022-05-21,JHARKHAND,5
2022-05-21,KARNATAKA,124
2022-05-21,KERALA,40
2022-05-21,LADAKH,1
2022-05-21,MADHYA PRADESH,16
2022-05-21,MAHARASHTRA,148
2022-05-21,MANIPUR,4
2022-05-21,ODISHA,14
2022-05-21,PUNJAB,14
2022-05-21,RAJASTHAN,14
2022-05-21,Rajasthan,2
2022-05-21,SIKKIM,1
2022-05-21,TAMIL NADU,70
2022-05-21,TELANGANA,60
2022-05-21,UTTAR PRADESH,74
2022-05-21,UTTARAKHAND,4
2022-05-21,WEST BENGAL,33
2022-05-22,ANDHRA PRADESH,24
2022-05-22,ARUNACHAL PRADESH,1
2022-05-22,ASSAM,9
2022-05-22,BIHAR,12
2022-05-22,CHANDIGARH,2
2022-05-22,CHHATTISGARH,6
2022-05-22,DELHI,55
2022-05-22,Delhi,2
2022-05-22,GOA,2
2022-05-22,Goa,1
2022-05-22,Gujarat,25
2022-05-22,HARYANA,42
2022-05-22,HIMACHAL PRADESH,6
2022-05-22,JAMMU & KASHMIR,7
2022-05-22,JHARKHAND,11
2022-05-22,KARNATAKA,119
2022-05-22,KERALA,36
2022-05-22,MADHYA PRADESH,17
2022-05-22,MAHARASHTRA,182
2022-05-22,MANIPUR,4
2022-05-22,MEGHALAYA,2
2022-05-22,NAGALAND,3
2022-05-22,ODISHA,16
2022-05-22,PUDUCHERRY,3
2022-05-22,PUNJAB,16
2022-05-22,RAJASTHAN,22
2022-05-22,TAMIL NADU,76
2022-05-22,TELANGANA,73
2022-05-22,TRIPURA,2
2022-05-22,UTTAR PRADESH,87
2022-05-22,UTTARAKHAND,12
2022-05-22,WEST BENGAL,32
2022-05-22,goa,1
2022-05-23,ANDHRA PRADESH,34
2022-05-23,ARUNACHAL PRADESH,3
2022-05-23,ASSAM,5
2022-05-23,BIHAR,9
2022-05-23,CHANDIGARH,2
2022-05-23,CHHATTISGARH,13
2022-05-23,DELHI,36
2022-05-23,GOA,7
2022-05-23,Gujarat,30
2022-05-23,HARYANA,41
2022-05-23,HIMACHAL PRADESH,1
2022-05-23,JAMMU & KASHMIR,4
2022-05-23,JHARKHAND,5
2022-05-23,KARNATAKA,113
2022-05-23,KERALA,27
2022-05-23,LADAKH,1
2022-05-23,MADHYA PRADESH,17
2022-05-23,MAHARASHTRA,186
2022-05-23,MANIPUR,2
2022-05-23,MEGHALAYA,2
2022-05-23,NAGALAND,2
2022-05-23,ODISHA,15
2022-05-23,PUDUCHERRY,1
2022-05-23,PUNJAB,14
2022-05-23,Pondicherry,1
2022-05-23,RAJASTHAN,21
2022-05-23,SIKKIM,2
2022-05-23,TAMIL NADU,83
2022-05-23,TELANGANA,94
2022-05-23,TRIPURA,1
2022-05-23,UTTAR PRADESH,66
2022-05-23,UTTARAKHAND,8
2022-05-23,WEST BENGAL,46
2022-05-24,ANDAMAN & NICOBAR,3
2022-05-24,ANDHRA PRADESH,23
2022-05-24,ASSAM,13
2022-05-24,BIHAR,18
2022-05-24,CHHATTISGARH,8
2022-05-24,DELHI,55
2022-05-24,GOA,6
2022-05-24,Gujarat,26
2022-05-24,HARYANA,34
2022-05-24,HIMACHAL PRADESH,4
2022-05-24,JAMMU & KASHMIR,2
2022-05-24,JHARKHAND,10
2022-05-24,KARNATAKA,130
2022-05-24,KERALA,36
2022-05-24,LADAKH,1
2022-05-24,MADHYA PRADESH,18
2022-05-24,MAHARASHTRA,154
2022-05-24,MANIPUR,1
2022-05-24,MEGHALAYA,3
2022-05-24,NAGALAND,1
2022-05-24,New Delhi,1
2022-05-24,ODISHA,19
2022-05-24,Odisha,2
2022-05-24,PUDUCHERRY,3
2022-05-24,PUNJAB,8
2022-05-24,RAJASTHAN,19
2022-05-24,SIKKIM,1
2022-05-24,TAMIL NADU,70
2022-05-24,TELANGANA,96
2022-05-24,TRIPURA,1
2022-05-24,UTTAR PRADESH,76
2022-05-24,UTTARAKHAND,9
2022-05-24,WEST BENGAL,41
2022-05-25,ANDHRA PRADESH,48
2022-05-25,ARUNACHAL PRADESH,1
2022-05-25,ASSAM,8
2022-05-25,BIHAR,13
2022-05-25,CHANDIGARH,3
2022-05-25,CHHATTISGARH,3
2022-05-25,DELHI,57
2022-05-25,GOA,8
2022-05-25,Gujarat,30
2022-05-25,HARYANA,32
2022-05-25,HIMACHAL PRADESH,2
2022-05-25,JAMMU & KASHMIR,1
2022-05-25,JHARKHAND,12
2022-05-25,KARNATAKA,110
2022-05-25,KERALA,41
2022-05-25,LADAKH,1
2022-05-25,MADHYA PRADESH,28
2022-05-25,MAHARASHTRA,184
2022-05-25,MANIPUR,4
2022-05-25,MEGHALAYA,1
2022-05-25,NAGALAND,1
2022-05-25,ODISHA,14
2022-05-25,PUDUCHERRY,3
2022-05-25,PUNJAB,18
2022-05-25,Punjab,1
2022-05-25,RAJASTHAN,22
2022-05-25,TAMIL NADU,83
2022-05-25,TELANGANA,98
2022-05-25,TRIPURA,1
2022-05-25,UTTAR PRADESH,76
2022-05-25,UTTARAKHAND,8
2022-05-25,WEST BENGAL,55
2022-05-26,ANDAMAN & NICOBAR,1
2022-05-26,ANDHRA PRADESH,35
2022-05-26,ASSAM,8
2022-05-26,BIHAR,8
2022-05-26,CHANDIGARH,2
2022-05-26,CHHATTISGARH,4
2022-05-26,DELHI,39
2022-05-26,Delhi,1
2022-05-26,GOA,9
2022-05-26,Gujarat,31
2022-05-26,HARYANA,39
2022-05-26,HIMACHAL PRADESH,2
2022-05-26,JAMMU & KASHMIR,6
2022-05-26,JHARKHAND,15
2022-05-26,KARNATAKA,137
2022-05-26,KERALA,50
2022-05-26,MADHYA PRADESH,14
2022-05-26,MAHARASHTRA,157
2022-05-26,MEGHALAYA,2
2022-05-26,NAGALAND,1
2022-05-26,New Delhi,1
2022-05-26,ODISHA,16
2022-05-26,PUDUCHERRY,5
2022-05-26,PUNJAB,20
2022-05-26,RAJASTHAN,12
2022-05-26,TAMIL NADU,92
2022-05-26,TELANGANA,83
2022-05-26,TRIPURA,2
2022-05-26,UTTAR PRADESH,80
2022-05-26,UTTARAKHAND,8
2022-05-26,WEST BENGAL,33
2022-05-26,delhi,1
2022-05-27,ANDAMAN & NICOBAR,3
2022-05-27,ANDHRA PRADESH,40
2022-05-27,ARUNACHAL PRADESH,1
2022-05-27,ASSAM,10
2022-05-27,BIHAR,12
2022-05-27,CHANDIGARH,4
2022-05-27,CHHATTISGARH,6
2022-05-27,DELHI,52
2022-05-27,Delhi,3
2022-05-27,GOA,13
2022-05-27,Gujarat,34
2022-05-27,HARYANA,35
2022-05-27,HIMACHAL PRADESH,5
2022-05-27,JAMMU & KASHMIR,2
2022-05-27,JHARKHAND,12
2022-05-27,KARNATAKA,114
2022-05-27,KERALA,69
2022-05-27,MADHYA PRADESH,24
2022-05-27,MAHARASHTRA,168
2022-05-27,MANIPUR,2
2022-05-27,MEGHALAYA,3
2022-05-27,NAGALAND,2
2022-05-27,New Delhi,1
2022-05-27,ODISHA,9
2022-05-27,PUNJAB,22
2022-05-27,Punjab,1
2022-05-27,RAJASTHAN,14
2022-05-27,Rajasthan,3
2022-05-27,TAMIL NADU,88
2022-05-27,TELANGANA,74
2022-05-27,TRIPURA,2
2022-05-27,UTTAR PRADESH,86
2022-05-27,UTTARAKHAND,7
2022-05-27,WEST BENGAL,49
2022-05-27,delhi,1
2022-05-27,goa,1
2022-05-28,ANDHRA PRADESH,40
2022-05-28,ARUNACHAL PRADESH,1
2022-05-28,ASSAM,9
2022-05-28,BIHAR,14
2022-05-28,CHHATTISGARH,7
2022-05-28,Chandigarh,2
2022-05-28,DELHI,56
2022-05-28,Delhi,1
2022-05-28,GOA,6
2022-05-28,Gujarat,30
2022-05-28,HARYANA,54
2022-05-28,HIMACHAL PRADESH,4
2022-05-28,JAMMU & KASHMIR,1
2022-05-28,JHARKHAND,12
2022-05-28,KARNATAKA,137
2022-05-28,KERALA,47
2022-05-28,LADAKH,1
2022-05-28,MADHYA PRADESH,24
2022-05-28,MAHARASHTRA,168
2022-05-28,MANIPUR,3
2022-05-28,MEGHALAYA,2
2022-05-28,New Delhi,1
2022-05-28,ODISHA,13
2022-05-28,PUNJAB,9
2022-05-28,RAJASTHAN,15
2022-05-28,SIKKIM,2
2022-05-28,TAMIL NADU,104
2022-05-28,TELANGANA,94
2022-05-28,TRIPURA,4
2022-05-28,UTTAR PRADESH,87
2022-05-28,UTTARAKHAND,12
2022-05-28,WEST BENGAL,45
2022-05-29,ANDHRA PRADESH,37
2022-05-29,ARUNACHAL PRADESH,2
2022-05-29,ASSAM,11
2022-05-29,BIHAR,8
2022-05-29,CHANDIGARH,1
2022-05-29,CHHATTISGARH,7
2022-05-29,DELHI,55
2022-05-29,Delhi,6
2022-05-29,GOA,10
2022-05-29,Goa,1
2022-05-29,Gujarat,31
2022-05-29,HARYANA,44
2022-05-29,HIMACHAL PRADESH,2
2022-05-29,JAMMU & KASHMIR,4
2022-05-29,JHARKHAND,10
2022-05-29,KARNATAKA,156
2022-05-29,KERALA,57
2022-05-29,MADHYA PRADESH,19
2022-05-29,MAHARASHTRA,180
2022-05-29,MANIPUR,3
2022-05-29,MEGHALAYA,1
2022-05-29,NAGALAND,1
2022-05-29,ODISHA,15
2022-05-29,PUNJAB,15
2022-05-29,RAJASTHAN,26
2022-05-29,Rajasthan,2
2022-05-29,TAMIL NADU,91
2022-05-29,TELANGANA,89
2022-05-29,UTTAR PRADESH,66
2022-05-29,UTTARAKHAND,11
2022-05-29,WEST BENGAL,34
2022-05-30,ANDAMAN & NICOBAR,3
2022-05-30,ANDHRA PRADESH,50
2022-05-30,AR,1
2022-05-30,ARUNACHAL PRADESH,1
2022-05-30,ASSAM,5
2022-05-30,BIHAR,6
2022-05-30,CHANDIGARH,1
2022-05-30,CHHATTISGARH,10
2022-05-30,DELHI,44
2022-05-30,GOA,9
2022-05-30,Gujarat,30
2022-05-30,HARYANA,47
2022-05-30,HIMACHAL PRADESH,9
2022-05-30,JAMMU & KASHMIR,5
2022-05-30,JHARKHAND,11
2022-05-30,KARNATAKA,135
2022-05-30,KERALA,40
2022-05-30,MADHYA PRADESH,15
2022-05-30,MAHARASHTRA,162
2022-05-30,MANIPUR,2
2022-05-30,MEGHALAYA,1
2022-05-30,MIZORAM,1
2022-05-30,NAGALAND,2
2022-05-30,New Delhi,1
2022-05-30,ODISHA,6
2022-05-30,Odisha,1
2022-05-30,PUDUCHERRY,2
2022-05-30,PUNJAB,16
2022-05-30,RAJASTHAN,11
2022-05-30,Rajasthan,1
2022-05-30,SIKKIM,1
2022-05-30,TAMIL NADU,100
2022-05-30,TELANGANA,104
2022-05-30,UTTAR PRADESH,57
2022-05-30,UTTARAKHAND,9
2022-05-30,WEST BENGAL,45
2022-05-31,ANDHRA PRADESH,44
2022-05-31,ASSAM,18
2022-05-31,BIHAR,13
2022-05-31,CHANDIGARH,3
2022-05-31,CHHATTISGARH,6
2022-05-31,DELHI,52
2022-05-31,Delhi,1
2022-05-31,GOA,8
2022-05-31,Goa,2
2022-05-31,Gujarat,30
2022-05-31,HARYANA,34
2022-05-31,HIMACHAL PRADESH,7
2022-05-31,JAMMU & KASHMIR,4
2022-05-31,JHARKHAND,10
2022-05-31,KARNATAKA,135
2022-05-31,KERALA,48
2022-05-31,MADHYA PRADESH,24
2022-05-31,MAHARASHTRA,188
2022-05-31,MANIPUR,3
2022-05-31,MEGHALAYA,1
2022-05-31,NAGALAND,1
2022-05-31,ODISHA,16
2022-05-31,PUNJAB,17
2022-05-31,RAJASTHAN,19
2022-05-31,RJ,1
2022-05-31,TAMIL NADU,117
2022-05-31,TELANGANA,105
2022-05-31,TRIPURA,1
2022-05-31,UTTAR PRADESH,64
2022-05-31,UTTARAKHAND,13
2022-05-31,WEST BENGAL,40
2022-06-01,ANDHRA PRADESH,56
2022-06-01,ARUNACHAL PRADESH,1
2022-06-01,ASSAM,10
2022-06-01,BIHAR,16
2022-06-01,CHANDIGARH,4
2022-06-01,CHHATTISGARH,6
2022-06-01,Chandigarh,1
2022-06-01,DADRA AND NAGAR,1
2022-06-01,DELHI,71
2022-06-01,GOA,9
2022-06-01,Gujarat,36
2022-06-01,HARYANA,45
2022-06-01,HIMACHAL PRADESH,4
2022-06-01,JAMMU & KASHMIR,7
2022-06-01,JHARKHAND,9
2022-06-01,KARNATAKA,183
2022-06-01,KERALA,56
2022-06-01,MADHYA PRADESH,19
2022-06-01,MAHARASHTRA,193
2022-06-01,MANIPUR,1
2022-06-01,MEGHALAYA,1
2022-06-01,ODISHA,11
2022-06-01,PUDUCHERRY,3
2022-06-01,PUNJAB,11
2022-06-01,RAJASTHAN,18
2022-06-01,TAMIL NADU,102
2022-06-01,TELANGANA,115
2022-06-01,TRIPURA,2
2022-06-01,UTTAR PRADESH,91
2022-06-01,UTTARAKHAND,6
2022-06-01,WEST BENGAL,33
2022-06-02,ANDAMAN & NICOBAR,3
2022-06-02,ANDHRA PRADESH,35
2022-06-02,ARUNACHAL PRADESH,3
2022-06-02,ASSAM,20
2022-06-02,BIHAR,10
2022-06-02,CHANDIGARH,2
2022-06-02,CHHATTISGARH,4
2022-06-02,DELHI,55
2022-06-02,Delhi,2
2022-06-02,GOA,11
2022-06-02,Gujarat,30
2022-06-02,HARYANA,37
2022-06-02,HIMACHAL PRADESH,2
2022-06-02,JAMMU & KASHMIR,6
2022-06-02,JHARKHAND,5
2022-06-02,KARNATAKA,171
2022-06-02,KERALA,42
2022-06-02,MADHYA PRADESH,13
2022-06-02,MAHARASHTRA,191
2022-06-02,MANIPUR,1
2022-06-02,MEGHALAYA,2
2022-06-02,MIZORAM,1
2022-06-02,NAGALAND,2
2022-06-02,New Delhi,3
2022-06-02,ODISHA,11
2022-06-02,PUDUCHERRY,5
2022-06-02,PUNJAB,9
2022-06-02,RAJASTHAN,21
2022-06-02,Rajasthan,1
2022-06-02,SIKKIM,4
2022-06-02,TAMIL NADU,95
2022-06-02,TELANGANA,93
2022-06-02,TRIPURA,3
2022-06-02,UTTAR PRADESH,86
2022-06-02,UTTARAKHAND,10
2022-06-02,WEST BENGAL,42
2022-06-03,ANDAMAN & NICOBAR,6
2022-06-03,ANDHRA PRADESH,40
2022-06-03,ASSAM,12
2022-06-03,BIHAR,12
2022-06-03,CHANDIGARH,5
2022-06-03,CHHATTISGARH,1
2022-06-03,DELHI,50
2022-06-03,GOA,11
2022-06-03,Goa,1
2022-06-03,Gujarat,32
2022-06-03,HARYANA,21
2022-06-03,HIMACHAL PRADESH,7
2022-06-03,JAMMU & KASHMIR,7
2022-06-03,JHARKHAND,9
2022-06-03,KARNATAKA,114
2022-06-03,KERALA,56
2022-06-03,MADHYA PRADESH,20
2022-06-03,MAHARASHTRA,136
2022-06-03,New Delhi,3
2022-06-03,ODISHA,17
2022-06-03,PUDUCHERRY,3
2022-06-03,PUNJAB,15
2022-06-03,RAJASTHAN,23
2022-06-03,Rajasthan,1
2022-06-03,SIKKIM,4
2022-06-03,TAMIL NADU,104
2022-06-03,TELANGANA,92
2022-06-03,UTTAR PRADESH,75
2022-06-03,UTTARAKHAND,9
2022-06-03,WEST BENGAL,41
2022-06-04,ANDHRA PRADESH,51
2022-06-04,ASSAM,14
2022-06-04,BIHAR,14
2022-06-04,CHHATTISGARH,7
2022-06-04,DELHI,65
2022-06-04,Delhi,1
2022-06-04,GOA,5
2022-06-04,Gujarat,25
2022-06-04,HARYANA,33
2022-06-04,HIMACHAL PRADESH,5
2022-06-04,JAMMU & KASHMIR,7
2022-06-04,JHARKHAND,7
2022-06-04,KARNATAKA,136
2022-06-04,KERALA,47
2022-06-04,LADAKH,1
2022-06-04,MADHYA PRADESH,18
2022-06-04,MAHARASHTRA,209
2022-06-04,MANIPUR,2
2022-06-04,NAGALAND,1
2022-06-04,New Delhi,1
2022-06-04,ODISHA,17
2022-06-04,PUDUCHERRY,5
2022-06-04,PUNJAB,18
2022-06-04,RAJASTHAN,15
2022-06-04,SIKKIM,1
2022-06-04,TAMIL NADU,131
2022-06-04,TELANGANA,106
2022-06-04,UTTAR PRADESH,95
2022-06-04,UTTARAKHAND,7
2022-06-04,WEST BENGAL,25
2022-06-05,ANDAMAN & NICOBAR,6
2022-06-05,ANDHRA PRADESH,63
2022-06-05,ARUNACHAL PRADESH,2
2022-06-05,ASSAM,9
2022-06-05,BIHAR,18
2022-06-05,CHANDIGARH,5
2022-06-05,CHHATTISGARH,14
2022-06-05,DELHI,63
2022-06-05,Delhi,2
2022-06-05,GOA,15
2022-06-05,Gujarat,23
2022-06-05,HARYANA,42
2022-06-05,HIMACHAL PRADESH,7
2022-06-05,JAMMU & KASHMIR,9
2022-06-05,JHARKHAND,14
2022-06-05,KARNATAKA,188
2022-06-05,KERALA,63
2022-06-05,LADAKH,1
2022-06-05,MADHYA PRADESH,26
2022-06-05,MAHARASHTRA,195
2022-06-05,MANIPUR,2
2022-06-05,MEGHALAYA,1
2022-06-05,NAGALAND,3
2022-06-05,New Delhi,1
2022-06-05,ODISHA,19
2022-06-05,PUDUCHERRY,3
2022-06-05,PUNJAB,15
2022-06-05,RAJASTHAN,17
2022-06-05,Rajasthan,1
2022-06-05,Rajsthan,1
2022-06-05,SIKKIM,5
2022-06-05,TAMIL NADU,125
2022-06-05,TELANGANA,90
2022-06-05,UTTAR PRADESH,86
2022-06-05,UTTARAKHAND,13
2022-06-05,WEST BENGAL,49
2022-06-06,ANDAMAN & NICOBAR,1
2022-06-06,ANDHRA PRADESH,44
2022-06-06,ASSAM,16
2022-06-06,BIHAR,12
2022-06-06,CHANDIGARH,2
2022-06-06,CHHATTISGARH,2
2022-06-06,DELHI,56
2022-06-06,Delhi,3
2022-06-06,GOA,7
2022-06-06,Gujarat,39
2022-06-06,HARYANA,36
2022-06-06,HIMACHAL PRADESH,6
2022-06-06,JAMMU & KASHMIR,6
2022-06-06,JHARKHAND,11
2022-06-06,KARNATAKA,163
2022-06-06,KERALA,48
2022-06-06,LADAKH,1
2022-06-06,LAKSHADWEEP,1
2022-06-06,MADHYA PRADESH,30
2022-06-06,MAHARASHTRA,198
2022-06-06,MANIPUR,3
2022-06-06,MEGHALAYA,4
2022-06-06,NAGALAND,4
2022-06-06,New Delhi,1
2022-06-06,ODISHA,21
2022-06-06,PUDUCHERRY,3
2022-06-06,PUNJAB,14
2022-06-06,Punjab,2
2022-06-06,RAJASTHAN,20
2022-06-06,Rajasthan,1
2022-06-06,SIKKIM,4
2022-06-06,TAMIL NADU,128
2022-06-06,TELANGANA,102
2022-06-06,TRIPURA,1
2022-06-06,UTTAR PRADESH,86
2022-06-06,UTTARAKHAND,11
2022-06-06,WEST BENGAL,43
2022-06-07,ANDAMAN & NICOBAR,1
2022-06-07,ANDHRA PRADESH,50
2022-06-07,ARUNACHAL PRADESH,1
2022-06-07,ASSAM,14
2022-06-07,BIHAR,15
2022-06-07,CHHATTISGARH,6
2022-06-07,DADRA AND NAGAR,1
2022-06-07,DELHI,56
2022-06-07,Delhi,1
2022-06-07,GOA,9
2022-06-07,Goa,1
2022-06-07,Gujarat,36
2022-06-07,HARYANA,44
2022-06-07,HIMACHAL PRADESH,8
2022-06-07,JAMMU & KASHMIR,10
2022-06-07,JHARKHAND,8
2022-06-07,KARNATAKA,169
2022-06-07,KERALA,48
2022-06-07,LADAKH,1
2022-06-07,MADHYA PRADESH,20
2022-06-07,MAHARASHTRA,191
2022-06-07,MANIPUR,1
2022-06-07,MEGHALAYA,1
2022-06-07,ODISHA,28
2022-06-07,PUNJAB,17
2022-06-07,RAJASTHAN,23
2022-06-07,Rajasthan,1
2022-06-07,SIKKIM,2
2022-06-07,TAMIL NADU,118
2022-06-07,TELANGANA,102
2022-06-07,TRIPURA,1
2022-06-07,UTTAR PRADESH,97
2022-06-07,UTTARAKHAND,11
2022-06-07,WEST BENGAL,33
2022-06-08,ANDAMAN & NICOBAR,2
2022-06-08,ANDHRA PRADESH,49
2022-06-08,ASSAM,9
2022-06-08,BIHAR,23
2022-06-08,CHANDIGARH,2
2022-06-08,CHHATTISGARH,8
2022-06-08,DELHI,44
2022-06-08,Delhi,1
2022-06-08,GOA,10
2022-06-08,Goa,1
2022-06-08,Gujarat,47
2022-06-08,HARYANA,42
2022-06-08,HIMACHAL PRADESH,5
2022-06-08,JAMMU & KASHMIR,4
2022-06-08,JHARKHAND,11
2022-06-08,KARNATAKA,185
2022-06-08,KERALA,45
2022-06-08,MADHYA PRADESH,23
2022-06-08,MAHARASHTRA,197
2022-06-08,MANIPUR,4
2022-06-08,MEGHALAYA,1
2022-06-08,MIZORAM,1
2022-06-08,NAGALAND,2
2022-06-08,New Delhi,1
2022-06-08,ODISHA,21
2022-06-08,Orissa,1
2022-06-08,PUDUCHERRY,8
2022-06-08,PUNJAB,16
2022-06-08,RAJASTHAN,27
2022-06-08,SIKKIM,6
2022-06-08,TAMIL NADU,103
2022-06-08,TELANGANA,94
2022-06-08,TRIPURA,1
2022-06-08,UTTAR PRADESH,95
2022-06-08,UTTARAKHAND,18
2022-06-08,WEST BENGAL,48
2022-06-09,ANDAMAN & NICOBAR,3
2022-06-09,ANDHRA PRADESH,46
2022-06-09,ARUNACHAL PRADESH,3
2022-06-09,ASSAM,16
2022-06-09,BIHAR,14
2022-06-09,CHANDIGARH,3
2022-06-09,CHHATTISGARH,10
2022-06-09,DELHI,55
2022-06-09,Delhi,2
2022-06-09,GOA,9
2022-06-09,Goa,1
2022-06-09,Gujarat,34
2022-06-09,HARYANA,46
2022-06-09,HIMACHAL PRADESH,5
2022-06-09,JAMMU & KASHMIR,5
2022-06-09,JHARKHAND,13
2022-06-09,KARNATAKA,173
2022-06-09,KERALA,51
2022-06-09,MADHYA PRADESH,23
2022-06-09,MAHARASHTRA,201
2022-06-09,MANIPUR,2
2022-06-09,MEGHALAYA,1
2022-06-09,MIZORAM,1
2022-06-09,NAGALAND,1
2022-06-09,ODISHA,27
2022-06-09,PUDUCHERRY,1
2022-06-09,PUNJAB,12
2022-06-09,RAJASTHAN,16
2022-06-09,SIKKIM,2
2022-06-09,Sikkim,1
2022-06-09,TAMIL NADU,94
2022-06-09,TELANGANA,120
2022-06-09,TRIPURA,1
2022-06-09,UTTAR PRADESH,90
2022-06-09,UTTARAKHAND,19
2022-06-09,WEST BENGAL,52
2022-06-10,ANDAMAN & NICOBAR,1
2022-06-10,ANDHRA PRADESH,34
2022-06-10,ARUNACHAL PRADESH,1
2022-06-10,ASSAM,9
2022-06-10,BIHAR,14
2022-06-10,Bihar,2
2022-06-10,CHANDIGARH,5
2022-06-10,CHHATTISGARH,5
2022-06-10,DADRA AND NAGAR,2
2022-06-10,DELHI,57
2022-06-10,Delhi,1
2022-06-10,GOA,10
2022-06-10,Gujarat,34
2022-06-10,HARYANA,31
2022-06-10,HIMACHAL PRADESH,4
2022-06-10,JAMMU & KASHMIR,5
2022-06-10,JHARKHAND,9
2022-06-10,KARNATAKA,133
2022-06-10,KERALA,49
2022-06-10,MADHYA PRADESH,19
2022-06-10,MAHARASHTRA,158
2022-06-10,MANIPUR,2
2022-06-10,MEGHALAYA,1
2022-06-10,MIZORAM,1
2022-06-10,ODISHA,21
2022-06-10,Odisha,2
2022-06-10,PUNJAB,13
2022-06-10,Punjab,1
2022-06-10,RAJASTHAN,22
2022-06-10,SIKKIM,4
2022-06-10,TAMIL NADU,80
2022-06-10,TELANGANA,103
2022-06-10,TRIPURA,1
2022-06-10,UTTAR PRADESH,65
2022-06-10,UTTARAKHAND,12
2022-06-10,WEST BENGAL,39
2022-06-11,ANDAMAN & NICOBAR,2
2022-06-11,ANDHRA PRADESH,48
2022-06-11,ARUNACHAL PRADESH,2
2022-06-11,ASSAM,7
2022-06-11,BIHAR,17
2022-06-11,CHANDIGARH,5
2022-06-11,CHHATTISGARH,8
2022-06-11,DELHI,45
2022-06-11,Delhi,3
2022-06-11,GOA,6
2022-06-11,Gujarat,31
2022-06-11,HARYANA,31
2022-06-11,HIMACHAL PRADESH,6
2022-06-11,JAMMU & KASHMIR,6
2022-06-11,JHARKHAND,5
2022-06-11,KARNATAKA,152
2022-06-11,KERALA,54
2022-06-11,LADAKH,1
2022-06-11,MADHYA PRADESH,23
2022-06-11,MAHARASHTRA,177
2022-06-11,MANIPUR,2
2022-06-11,MEGHALAYA,1
2022-06-11,New Delhi,1
2022-06-11,ODISHA,14
2022-06-11,PUDUCHERRY,4
2022-06-11,PUNJAB,12
2022-06-11,RAJASTHAN,29
2022-06-11,SIKKIM,1
2022-06-11,TAMIL NADU,101
2022-06-11,TELANGANA,94
2022-06-11,TRIPURA,2
2022-06-11,UTTAR PRADESH,77
2022-06-11,UTTARAKHAND,9
2022-06-11,WEST BENGAL,45
2022-06-12,ANDAMAN & NICOBAR,1
2022-06-12,ANDHRA PRADESH,68
2022-06-12,ARUNACHAL PRADESH,1
2022-06-12,ASSAM,14
2022-06-12,BIHAR,16
2022-06-12,CHANDIGARH,3
2022-06-12,CHHATTISGARH,8
2022-06-12,DADRA AND NAGAR,1
2022-06-12,DELHI,71
2022-06-12,Delhi,3
2022-06-12,GOA,11
2022-06-12,Gujarat,37
2022-06-12,HARYANA,36
2022-06-12,HIMACHAL PRADESH,8
2022-06-12,JAMMU & KASHMIR,5
2022-06-12,JHARKHAND,7
2022-06-12,KARNATAKA,170
2022-06-12,KERALA,56
2022-06-12,MADHYA PRADESH,37
2022-06-12,MAHARASHTRA,209
2022-06-12,MANIPUR,2
2022-06-12,MEGHALAYA,1
2022-06-12,NAGALAND,1
2022-06-12,New Delhi,1
2022-06-12,ODISHA,14
2022-06-12,Orissa,1
2022-06-12,PUDUCHERRY,5
2022-06-12,PUNJAB,22
2022-06-12,RAJASTHAN,17
2022-06-12,TAMIL NADU,99
2022-06-12,TELANGANA,110
2022-06-12,UTTAR PRADESH,84
2022-06-12,UTTARAKHAND,7
2022-06-12,WEST BENGAL,46
2022-06-13,ANDAMAN & NICOBAR,3
2022-06-13,ANDHRA PRADESH,55
2022-06-13,ARUNACHAL PRADESH,3
2022-06-13,ASSAM,18
2022-06-13,BIHAR,17
2022-06-13,CHANDIGARH,4
2022-06-13,CHHATTISGARH,7
2022-06-13,DELHI,53
2022-06-13,Delhi,1
2022-06-13,GOA,6
2022-06-13,Gujarat,32
2022-06-13,HARYANA,26
2022-06-13,HIMACHAL PRADESH,3
2022-06-13,JAMMU & KASHMIR,7
2022-06-13,JHARKHAND,8
2022-06-13,KARNATAKA,150
2022-06-13,KERALA,65
2022-06-13,MADHYA PRADESH,25
2022-06-13,MAHARASHTRA,171
2022-06-13,MEGHALAYA,5
2022-06-13,ODISHA,9
2022-06-13,Odisha,2
2022-06-13,PUDUCHERRY,2
2022-06-13,PUNJAB,15
2022-06-13,RAJASTHAN,22
2022-06-13,TAMIL NADU,86
2022-06-13,TELANGANA,108
2022-06-13,TRIPURA,1
2022-06-13,UTTAR PRADESH,63
2022-06-13,UTTARAKHAND,11
2022-06-13,WEST BENGAL,33
2022-06-13,delhi,1
2022-06-14,ANDAMAN & NICOBAR,3
2022-06-14,ANDHRA PRADESH,51
2022-06-14,ARUNACHAL PRADESH,1
2022-06-14,ASSAM,6
2022-06-14,BIHAR,14
2022-06-14,CHANDIGARH,5
2022-06-14,CHHATTISGARH,8
2022-06-14,DELHI,59
2022-06-14,Delhi,2
2022-06-14,GOA,4
2022-06-14,Gujarat,33
2022-06-14,HARYANA,45
2022-06-14,HIMACHAL PRADESH,3
2022-06-14,JAMMU & KASHMIR,8
2022-06-14,JHARKHAND,6
2022-06-14,KARNATAKA,170
2022-06-14,KERALA,54
2022-06-14,MADHYA PRADESH,19
2022-06-14,MAHARASHTRA,139
2022-06-14,MANIPUR,2
2022-06-14,MEGHALAYA,2
2022-06-14,MIZORAM,1
2022-06-14,NAGALAND,3
2022-06-14,ODISHA,18
2022-06-14,PUDUCHERRY,1
2022-06-14,PUNJAB,18
2022-06-14,Punjab,1
2022-06-14,RAJASTHAN,19
2022-06-14,Rajasthan,1
2022-06-14,TAMIL NADU,108
2022-06-14,TELANGANA,101
2022-06-14,TRIPURA,3
2022-06-14,UTTAR PRADESH,83
2022-06-14,UTTARAKHAND,10
2022-06-14,WEST BENGAL,47
2022-06-15,ANDAMAN & NICOBAR,2
2022-06-15,ANDHRA PRADESH,43
2022-06-15,ARUNACHAL PRADESH,2
2022-06-15,ASSAM,8
2022-06-15,BIHAR,12
2022-06-15,Bihar,1
2022-06-15,CHANDIGARH,2
2022-06-15,Chandigarh,1
2022-06-15,DELHI,45
2022-06-15,Delhi,5
2022-06-15,GOA,5
2022-06-15,Goa,1
2022-06-15,Gujarat,29
2022-06-15,HARYANA,34
2022-06-15,HIMACHAL PRADESH,7
2022-06-15,JAMMU & KASHMIR,3
2022-06-15,JHARKHAND,13
2022-06-15,KARNATAKA,143
2022-06-15,KERALA,44
2022-06-15,MADHYA PRADESH,22
2022-06-15,MAHARASHTRA,145
2022-06-15,MEGHALAYA,1
2022-06-15,NAGALAND,3
2022-06-15,New Delhi,1
2022-06-15,ODISHA,14
2022-06-15,PUDUCHERRY,2
2022-06-15,PUNJAB,12
2022-06-15,RAJASTHAN,19
2022-06-15,SIKKIM,1
2022-06-15,TAMIL NADU,68
2022-06-15,TELANGANA,97
2022-06-15,TRIPURA,1
2022-06-15,UTTAR PRADESH,69
2022-06-15,UTTARAKHAND,12
2022-06-15,WEST BENGAL,45
2022-06-16,ANDAMAN & NICOBAR,1
2022-06-16,ANDHRA PRADESH,37
2022-06-16,ASSAM,11
2022-06-16,BIHAR,18
2022-06-16,CHANDIGARH,2
2022-06-16,CHHATTISGARH,8
2022-06-16,DADRA AND NAGAR,2
2022-06-16,DELHI,50
2022-06-16,Delhi,2
2022-06-16,GOA,8
2022-06-16,Gujarat,30
2022-06-16,HARYANA,42
2022-06-16,HIMACHAL PRADESH,5
2022-06-16,JAMMU & KASHMIR,6
2022-06-16,JHARKHAND,9
2022-06-16,KARNATAKA,119
2022-06-16,KERALA,47
2022-06-16,LADAKH,1
2022-06-16,MADHYA PRADESH,22
2022-06-16,MAHARASHTRA,179
2022-06-16,MANIPUR,1
2022-06-16,MEGHALAYA,3
2022-06-16,NAGALAND,14
2022-06-16,ODISHA,15
2022-06-16,PUDUCHERRY,8
2022-06-16,PUNJAB,15
2022-06-16,Punjab,1
2022-06-16,RAJASTHAN,14
2022-06-16,Rajasthan,1
2022-06-16,TAMIL NADU,88
2022-06-16,TELANGANA,83
2022-06-16,UTTAR PRADESH,62
2022-06-16,UTTARAKHAND,10
2022-06-16,WEST BENGAL,40
2022-06-17,ANDAMAN & NICOBAR,3
2022-06-17,ANDHRA PRADESH,43
2022-06-17,ARUNACHAL PRADESH,1
2022-06-17,ASSAM,15
2022-06-17,BIHAR,18
2022-06-17,CHANDIGARH,3
2022-06-17,CHHATTISGARH,6
2022-06-17,DELHI,40
2022-06-17,Delhi,1
2022-06-17,GOA,11
2022-06-17,Gujarat,24
2022-06-17,HARYANA,24
2022-06-17,HIMACHAL PRADESH,4
2022-06-17,JAMMU & KASHMIR,2
2022-06-17,JHARKHAND,13
2022-06-17,KARNATAKA,115
2022-06-17,KERALA,43
2022-06-17,MADHYA PRADESH,22
2022-06-17,MAHARASHTRA,142
2022-06-17,MANIPUR,2
2022-06-17,MEGHALAYA,1
2022-06-17,NAGALAND,1
2022-06-17,New Delhi,1
2022-06-17,ODISHA,5
2022-06-17,PUDUCHERRY,4
2022-06-17,PUNJAB,15
2022-06-17,RAJASTHAN,16
2022-06-17,Rajasthan,1
2022-06-17,SIKKIM,1
2022-06-17,TAMIL NADU,74
2022-06-17,TELANGANA,67
2022-06-17,UTTAR PRADESH,70
2022-06-17,UTTARAKHAND,15
2022-06-17,WEST BENGAL,47
2022-06-18,ANDAMAN & NICOBAR,1
2022-06-18,ANDHRA PRADESH,32
2022-06-18,ARUNACHAL PRADESH,1
2022-06-18,ASSAM,6
2022-06-18,BIHAR,15
2022-06-18,CHANDIGARH,1
2022-06-18,CHHATTISGARH,3
2022-06-18,DELHI,39
2022-06-18,Delhi,2
2022-06-18,GOA,11
2022-06-18,Gujarat,28
2022-06-18,HARYANA,30
2022-06-18,HIMACHAL PRADESH,8
2022-06-18,JAMMU & KASHMIR,5
2022-06-18,JHARKHAND,4
2022-06-18,KARNATAKA,129
2022-06-18,KERALA,51
2022-06-18,LADAKH,1
2022-06-18,MADHYA PRADESH,15
2022-06-18,MAHARASHTRA,152
2022-06-18,MANIPUR,1
2022-06-18,MEGHALAYA,1
2022-06-18,ODISHA,13
2022-06-18,PUDUCHERRY,3
2022-06-18,PUNJAB,11
2022-06-18,RAJASTHAN,22
2022-06-18,TAMIL NADU,79
2022-06-18,TELANGANA,81
2022-06-18,UTTAR PRADESH,70
2022-06-18,UTTARAKHAND,6
2022-06-18,WEST BENGAL,37
2022-06-18,punjab,1
2022-06-19,ANDAMAN & NICOBAR,1
2022-06-19,ANDHRA PRADESH,36
2022-06-19,ASSAM,6
2022-06-19,BIHAR,19
2022-06-19,CHANDIGARH,2
2022-06-19,CHHATTISGARH,8
2022-06-19,Chandigarh,1
2022-06-19,DELHI,45
2022-06-19,GOA,8
2022-06-19,Gujarat,26
2022-06-19,HARYANA,23
2022-06-19,HIMACHAL PRADESH,5
2022-06-19,JAMMU & KASHMIR,5
2022-06-19,JHARKHAND,6
2022-06-19,KARNATAKA,102
2022-06-19,KERALA,35
2022-06-19,LADAKH,1
2022-06-19,MADHYA PRADESH,15
2022-06-19,MAHARASHTRA,168
2022-06-19,MANIPUR,2
2022-06-19,MEGHALAYA,1
2022-06-19,NAGALAND,1
2022-06-19,ODISHA,13
2022-06-19,PUDUCHERRY,2
2022-06-19,PUNJAB,9
2022-06-19,RAJASTHAN,23
2022-06-19,Rajasthan,1
2022-06-19,SIKKIM,2
2022-06-19,TAMIL NADU,80
2022-06-19,TELANGANA,65
2022-06-19,TRIPURA,1
2022-06-19,UTTAR PRADESH,75
2022-06-19,UTTARAKHAND,8
2022-06-19,WEST BENGAL,53
2022-06-20,ANDAMAN & NICOBAR,4
2022-06-20,ANDHRA PRADESH,54
2022-06-20,ASSAM,14
2022-06-20,BIHAR,6
2022-06-20,CHANDIGARH,1
2022-06-20,CHHATTISGARH,8
2022-06-20,DELHI,45
2022-06-20,Delhi,1
2022-06-20,GOA,10
2022-06-20,Gujarat,18
2022-06-20,HARYANA,26
2022-06-20,HIMACHAL PRADESH,1
2022-06-20,JAMMU & KASHMIR,16
2022-06-20,JHARKHAND,11
2022-06-20,KARNATAKA,120
2022-06-20,KERALA,50
2022-06-20,MADHYA PRADESH,15
2022-06-20,MAHARASHTRA,178
2022-06-20,NAGALAND,5
2022-06-20,New Delhi,1
2022-06-20,ODISHA,13
2022-06-20,PUDUCHERRY,2
2022-06-20,PUNJAB,9
2022-06-20,RAJASTHAN,18
2022-06-20,TAMIL NADU,88
2022-06-20,TELANGANA,94
2022-06-20,TRIPURA,1
2022-06-20,UTTAR PRADESH,57
2022-06-20,UTTARAKHAND,10
2022-06-20,WEST BENGAL,34
2022-06-21,ANDAMAN & NICOBAR,3
2022-06-21,ANDHRA PRADESH,43
2022-06-21,ASSAM,7
2022-06-21,BIHAR,16
2022-06-21,Bihar,2
2022-06-21,CHANDIGARH,2
2022-06-21,CHHATTISGARH,10
2022-06-21,DADRA AND NAGAR,1
2022-06-21,DELHI,28
2022-06-21,GOA,9
2022-06-21,Gujarat,31
2022-06-21,HARYANA,26
2022-06-21,HIMACHAL PRADESH,6
2022-06-21,JAMMU & KASHMIR,3
2022-06-21,JHARKHAND,10
2022-06-21,KARNATAKA,143
2022-06-21,KERALA,57
2022-06-21,MADHYA PRADESH,20
2022-06-21,MAHARASHTRA,164
2022-06-21,MEGHALAYA,2
2022-06-21,MIZORAM,1
2022-06-21,ODISHA,17
2022-06-21,PUDUCHERRY,3
2022-06-21,PUNJAB,16
2022-06-21,RAJASTHAN,19
2022-06-21,Rajasthan,1
2022-06-21,SIKKIM,2
2022-06-21,TAMIL NADU,91
2022-06-21,TELANGANA,82
2022-06-21,UTTAR PRADESH,53
2022-06-21,UTTARAKHAND,12
2022-06-21,WEST BENGAL,43
2022-06-21,delhi,1
2022-06-22,ANDAMAN & NICOBAR,2
2022-06-22,ANDHRA PRADESH,37
2022-06-22,ASSAM,6
2022-06-22,BIHAR,22
2022-06-22,CHHATTISGARH,16
2022-06-22,DELHI,43
2022-06-22,GOA,8
2022-06-22,Gujarat,39
2022-06-22,HARYANA,28
2022-06-22,HIMACHAL PRADESH,5
2022-06-22,JAMMU & KASHMIR,2
2022-06-22,JHARKHAND,9
2022-06-22,KARNATAKA,156
2022-06-22,KERALA,33
2022-06-22,MADHYA PRADESH,17
2022-06-22,MAHARASHTRA,170
2022-06-22,MANIPUR,1
2022-06-22,NAGALAND,1
2022-06-22,ODISHA,18
2022-06-22,PUDUCHERRY,1
2022-06-22,PUNJAB,15
2022-06-22,Punjab,1
2022-06-22,RAJASTHAN,23
2022-06-22,SIKKIM,3
2022-06-22,TAMIL NADU,83
2022-06-22,TELANGANA,86
2022-06-22,UTTAR PRADESH,75
2022-06-22,UTTARAKHAND,3
2022-06-22,WEST BENGAL,35
2022-06-22,rajsthan,1
2022-06-23,ANDAMAN & NICOBAR,1
2022-06-23,ANDHRA PRADESH,27
2022-06-23,ASSAM,11
2022-06-23,BIHAR,4
2022-06-23,CHANDIGARH,3
2022-06-23,CHHATTISGARH,5
2022-06-23,DELHI,30
2022-06-23,Delhi,2
2022-06-23,GOA,4
2022-06-23,Goa,1
2022-06-23,Gujarat,30
2022-06-23,HARYANA,28
2022-06-23,HIMACHAL PRADESH,5
2022-06-23,JAMMU & KASHMIR,2
2022-06-23,JHARKHAND,7
2022-06-23,KARNATAKA,100
2022-06-23,KERALA,41
2022-06-23,MADHYA PRADESH,12
2022-06-23,MAHARASHTRA,130
2022-06-23,MANIPUR,1
2022-06-23,MEGHALAYA,2
2022-06-23,MIZORAM,1
2022-06-23,NAGALAND,2
2022-06-23,ODISHA,7
2022-06-23,PUDUCHERRY,1
2022-06-23,PUNJAB,9
2022-06-23,RAJASTHAN,20
2022-06-23,SIKKIM,1
2022-06-23,TAMIL NADU,62
2022-06-23,TELANGANA,59
2022-06-23,UTTAR PRADESH,55
2022-06-23,UTTARAKHAND,9
2022-06-23,WEST BENGAL,27
2022-06-24,ANDHRA PRADESH,29
2022-06-24,ASSAM,7
2022-06-24,BIHAR,11
2022-06-24,CHANDIGARH,2
2022-06-24,CHHATTISGARH,3
2022-06-24,DELHI,28
2022-06-24,Delhi,2
2022-06-24,GOA,7
2022-06-24,Gujarat,34
2022-06-24,HARYANA,20
2022-06-24,HIMACHAL PRADESH,4
2022-06-24,JAMMU & KASHMIR,3
2022-06-24,JHARKHAND,6
2022-06-24,KARNATAKA,99
2022-06-24,KERALA,34
2022-06-24,MADHYA PRADESH,9
2022-06-24,MAHARASHTRA,109
2022-06-24,MANIPUR,1
2022-06-24,Manipur,1
2022-06-24,NAGALAND,1
2022-06-24,ODISHA,13
2022-06-24,PUNJAB,6
2022-06-24,RAJASTHAN,10
2022-06-24,SIKKIM,1
2022-06-24,Sikkim,1
2022-06-24,TAMIL NADU,54
2022-06-24,TELANGANA,61
2022-06-24,TRIPURA,1
2022-06-24,UTTAR PRADESH,45
2022-06-24,UTTARAKHAND,3
2022-06-24,WEST BENGAL,17
2022-06-25,ANDAMAN & NICOBAR,1
2022-06-25,ANDHRA PRADESH,28
2022-06-25,ARUNACHAL PRADESH,2
2022-06-25,ASSAM,10
2022-06-25,BIHAR,8
2022-06-25,CHANDIGARH,1
2022-06-25,CHHATTISGARH,4
2022-06-25,DELHI,28
2022-06-25,Delhi,2
2022-06-25,GOA,5
2022-06-25,Goa,1
2022-06-25,Gujarat,20
2022-06-25,HARYANA,21
2022-06-25,HIMACHAL PRADESH,5
2022-06-25,JHARKHAND,3
2022-06-25,KARNATAKA,88
2022-06-25,KERALA,48
2022-06-25,MADHYA PRADESH,9
2022-06-25,MAHARASHTRA,107
2022-06-25,MANIPUR,3
2022-06-25,MEGHALAYA,1
2022-06-25,ODISHA,14
2022-06-25,PUDUCHERRY,2
2022-06-25,PUNJAB,14
2022-06-25,RAJASTHAN,9
2022-06-25,TAMIL NADU,51
2022-06-25,TELANGANA,68
2022-06-25,UTTAR PRADESH,36
2022-06-25,UTTARAKHAND,3
2022-06-25,WEST BENGAL,28
2022-06-26,ANDAMAN & NICOBAR,1
2022-06-26,ANDHRA PRADESH,33
2022-06-26,ASSAM,7
2022-06-26,BIHAR,9
2022-06-26,CHANDIGARH,3
2022-06-26,CHHATTISGARH,3
2022-06-26,DADRA AND NAGAR,2
2022-06-26,DELHI,42
2022-06-26,GOA,10
2022-06-26,Gujarat,24
2022-06-26,HARYANA,24
2022-06-26,HIMACHAL PRADESH,6
2022-06-26,JAMMU & KASHMIR,4
2022-06-26,JHARKHAND,5
2022-06-26,KARNATAKA,89
2022-06-26,KERALA,43
2022-06-26,MADHYA PRADESH,10
2022-06-26,MAHARASHTRA,112
2022-06-26,NL,1
2022-06-26,ODISHA,11
2022-06-26,PUDUCHERRY,1
2022-06-26,PUNJAB,8
2022-06-26,RAJASTHAN,11
2022-06-26,TAMIL NADU,78
2022-06-26,TELANGANA,63
2022-06-26,UTTAR PRADESH,44
2022-06-26,UTTARAKHAND,9
2022-06-26,WEST BENGAL,18
2022-06-27,ANDHRA PRADESH,22
2022-06-27,ARUNACHAL PRADESH,1
2022-06-27,ASSAM,7
2022-06-27,BIHAR,10
2022-06-27,CHANDIGARH,1
2022-06-27,CHHATTISGARH,2
2022-06-27,DELHI,35
2022-06-27,GOA,4
2022-06-27,Gujarat,21
2022-06-27,HARYANA,22
2022-06-27,HIMACHAL PRADESH,4
2022-06-27,JAMMU & KASHMIR,4
2022-06-27,JHARKHAND,4
2022-06-27,KARNATAKA,85
2022-06-27,KERALA,32
2022-06-27,MADHYA PRADESH,6
2022-06-27,MAHARASHTRA,98
2022-06-27,NAGALAND,1
2022-06-27,ODISHA,7
2022-06-27,PUNJAB,7
2022-06-27,RAJASTHAN,10
2022-06-27,SIKKIM,1
2022-06-27,TAMIL NADU,46
2022-06-27,TELANGANA,63
2022-06-27,TRIPURA,1
2022-06-27,UTTAR PRADESH,42
2022-06-27,UTTARAKHAND,6
2022-06-27,WEST BENGAL,23
2022-06-27,delhi,1
2022-06-28,ANDAMAN & NICOBAR,1
2022-06-28,ANDHRA PRADESH,25
2022-06-28,ASSAM,9
2022-06-28,BIHAR,5
2022-06-28,CHANDIGARH,1
2022-06-28,CHHATTISGARH,3
2022-06-28,DELHI,35
2022-06-28,Delhi,1
2022-06-28,GOA,6
2022-06-28,Gujarat,23
2022-06-28,HARYANA,16
2022-06-28,HIMACHAL PRADESH,5
2022-06-28,JAMMU & KASHMIR,1
2022-06-28,JHARKHAND,7
2022-06-28,KARNATAKA,91
2022-06-28,KERALA,41
2022-06-28,MADHYA PRADESH,8
2022-06-28,MAHARASHTRA,91
2022-06-28,MANIPUR,1
2022-06-28,ODISHA,11
2022-06-28,PUDUCHERRY,2
2022-06-28,PUNJAB,7
2022-06-28,RAJASTHAN,9
2022-06-28,SIKKIM,1
2022-06-28,TAMIL NADU,60
2022-06-28,TELANGANA,59
2022-06-28,TRIPURA,1
2022-06-28,UTTAR PRADESH,44
2022-06-28,UTTARAKHAND,4
2022-06-28,WEST BENGAL,22
2022-06-29,ANDHRA PRADESH,6
2022-06-29,ASSAM,2
2022-06-29,BIHAR,3
2022-06-29,DELHI,9
2022-06-29,GOA,1
2022-06-29,Gujarat,5
2022-06-29,HARYANA,6
2022-06-29,JHARKHAND,1
2022-06-29,KARNATAKA,27
2022-06-29,KERALA,4
2022-06-29,MADHYA PRADESH,2
2022-06-29,MAHARASHTRA,30
2022-06-29,ODISHA,3
2022-06-29,PUDUCHERRY,1
2022-06-29,PUNJAB,1
2022-06-29,TAMIL NADU,24
2022-06-29,TELANGANA,16
2022-06-29,TRIPURA,1
2022-06-29,UTTAR PRADESH,10
2022-06-29,UTTARAKHAND,1
2022-06-29,WEST BENGAL,4
